"Sheltered Housing Complex Name / Address",Postcode,Provider,Area,"Web Page Link","No of Units","Unit Types","Community Room",Laundry,Guestroom,Location
"Abbey Court","EH7 5XN","<a href="" http://www.edinburgh.gov.uk/directory_record/179349/blackwood_housing_association""> Blackwood Housing Association </a>",Abbeyhill,"<a href="" http://www.mbha.org.uk/housing/our-properties/abbey-court/""> Abbey Court </a>",37,"Studio Flats:			15
1 Bedroom Flats:		16
2 Bedroom Flats:		3
3 Bedroom Flats:		2
4 Bedroom Flats:		1
5 Bedroom Flats:		0
Cottages:			0
1 Bedroom Bungalows:	0
2 Bedroom Bungalows:	0
",No,No,No,"55.95665425540941,-3.1683218479156494"
"Academy Park","EH6 8JL","<a href="" http://www.edinburgh.gov.uk/directory_record/179351/port_of_leith_housing_association""> Port of Leith Housing Association </a>",Leith,,39,"Studio Flats:		0
1 Bedroom Flats:		38
2 Bedroom Flats:		0
3 Bedroom Flats:		1
4 Bedroom Flats:		0
5 Bedroom Flats:		0
Cottages:			0
1 Bedroom Bungalows:	0
2 Bedroom Bungalows:	0
",No,Yes,Yes,"55.9676620843249,-3.167538642883301"
"Argyle Park House, Gillespie Crescent","EH9 1JY","<a href="" http://www.edinburgh.gov.uk/directory_record/179353/viewpoint_housing_association""> Viewpoint Housing Association </a>",Meadows,,64,"Studio Flats:		8
1 Bedroom Flats:		54
2 Bedroom Flats:		2
3 Bedroom Flats:		0
4 Bedroom Flats:		0
5 Bedroom Flats:		0
Cottages:			0
1 Bedroom Bungalows:	0
2 Bedroom Bungalows:	0
",Yes,Yes,No,"55.939604860335045,-3.192601203918457"
"Argyle Street / Hopefield Terrace","EH6 4AA","<a href="" http://www.edinburgh.gov.uk/directory_record/179349/blackwood_housing_association""> Blackwood Housing Association </a>",Leith,"<a href=""http://www.mbha.org.uk/housing/our-properties/hopefield-terrace-argyle-street-leith/ ""> Argyle Street / Hopefield Terrace </a>",10,"Studio Flats:		0
1 Bedroom Flats:		2
2 Bedroom Flats:		5
3 Bedroom Flats:		0
4 Bedroom Flats:		3
5 Bedroom Flats:		0
Cottages:			0
1 Bedroom Bungalows:	0
2 Bedroom Bungalows:	0
",No,No,No,"55.9771360381648,-3.1812071800231934"
"Ashton Grove","EH16 5TR","<a href=""http://www.edinburgh.gov.uk/directory_record/179340/city_of_edinburgh_council""> City of Edinburgh Council </a>",Inch,,20,"Studio Flats:			0
1 Bedroom Flats:		0
2 Bedroom Flats:		0
3 Bedroom Flats:		0
4 Bedroom Flats:		0
5 Bedroom Flats:		0
Cottages:			20
1 Bedroom Bungalows:	0
2 Bedroom Bungalows:	0
",No,No,No,"55.92061821563319,-3.1552648544311523"
"Baberton Park","EH14 5DW","<a href=""http://www.edinburgh.gov.uk/directory_record/179340/city_of_edinburgh_council""> City of Edinburgh Council </a>",Baberton,,20,"Studio Flats:		0
1 Bedroom Flats:		0
2 Bedroom Flats:		0
3 Bedroom Flats:		0
4 Bedroom Flats:		0
5 Bedroom Flats:		0
Cottages:			20
1 Bedroom Bungalows:	0
2 Bedroom Bungalows:	0
",No,No,No,"55.90325222987043,-3.286929130554199"
"Balfour Court","EH12 8UP","<a href="" http://www.edinburgh.gov.uk/directory_record/179343/castle_rock_edinvar""> Castle Rock Edinvar </a>","East Craigs",,44,"Studio Flats:			38
1 Bedroom Flats:		6
2 Bedroom Flats:		0
3 Bedroom Flats:		0
4 Bedroom Flats:		0
5 Bedroom Flats:		0
Cottages:			0
1 Bedroom Bungalows:	0
2 Bedroom Bungalows:	0
",No,No,No,"55.952719983837206,-3.30413818359375"
"Balfour House","EH16 5LB","<a href="" http://www.edinburgh.gov.uk/directory_record/179353/viewpoint_housing_association""> Viewpoint Housing Association </a>",Prestonfield,,102,"Studio Flats:		12
1 Bedroom Flats:		58
2 Bedroom Flats:		32
3 Bedroom Flats:		0
4 Bedroom Flats:		0
5 Bedroom Flats:		0
Cottages:			0
1 Bedroom Bungalows:	0
2 Bedroom Bungalows:	0
",Yes,Yes,No,"55.92967093886055,-3.1614017486572266"
"Bedford Court","EH4 1JX","<a href=""http://www.edinburgh.gov.uk/directory_record/179340/city_of_edinburgh_council""> City of Edinburgh Council </a>",Stockbridge,,26,"Studio Flats:			0
1 Bedroom Flats:		26
2 Bedroom Flats:		0
3 Bedroom Flats:		0
4 Bedroom Flats:		0
5 Bedroom Flats:		0
Cottages:			0
1 Bedroom Bungalows:	0
2 Bedroom Bungalows:	0
",No,No,No,"55.958113738448816,-3.2137370109558105"
"Bingham Drive","EH15 3JS","<a href="" http://www.edinburgh.gov.uk/directory_record/179352/trust_housing_association""> Trust Housing Association </a>",Bingham,"<a href="" http://www.trustha.org.uk/ourservices/developinfo.php?dev_ID=125 ""> Bingham Drive </a>",32,"Studio Flats:			0
1 Bedroom Flats:		30
2 Bedroom Flats:		2
3 Bedroom Flats:		0
4 Bedroom Flats:		0
5 Bedroom Flats:		0
Cottages:			0
1 Bedroom Bungalows:	0
2 Bedroom Bungalows:	0
",No,No,No,"55.93919024667907,-3.119344711303711"
"Brookwell Court","EH4 4PD","<a href=""http://www.edinburgh.gov.uk/directory_record/179339/bield_housing_association""> Bield Housing Association </a>",Muirhouse,"<a title=""Brookwell Court"" href=""http://www.bield.co.uk/5d0e7252a60d4be9a9420847e602be3d?site=0770102c-09d2-4e82-8e3c-fcd8fb1e49a5"" target=""_top"">Bield Housing & Care: Brookwell Court</a>",30,"Studio Flats:			0
1 Bedroom Flats:		30
2 Bedroom Flats:		0
3 Bedroom Flats:		0
4 Bedroom Flats:		0
5 Bedroom Flats:		0
Cottages:			0
1 Bedroom Bungalows:	0
2 Bedroom Bungalows:	0
",No,No,No,"55.97236933237695,-3.259463310241699"
"Broomhouse Place North","EH11 3UE","<a href=""http://www.edinburgh.gov.uk/directory_record/179340/city_of_edinburgh_council""> City of Edinburgh Council </a>",Broomhouse,,19,"Studio Flats:		0
1 Bedroom Flats:		0
2 Bedroom Flats:		0
3 Bedroom Flats:		0
4 Bedroom Flats:		0
5 Bedroom Flats:		0
Cottages:			19
1 Bedroom Bungalows:	0
2 Bedroom Bungalows:	0
",No,No,No,"55.928637135863916,-3.279966115951538"
"Broomhouse Walk","EH11 3UJ","<a href=""http://www.edinburgh.gov.uk/directory_record/179340/city_of_edinburgh_council""> City of Edinburgh Council </a>",Broomhouse,,22,"Studio Flats:		0
1 Bedroom Flats:		18
2 Bedroom Flats:		0
3 Bedroom Flats:		0
4 Bedroom Flats:		0
5 Bedroom Flats:		0
Cottages:			4
1 Bedroom Bungalows:	0
2 Bedroom Bungalows:	0
",No,No,No,"55.92683392509547,-3.2809853553771973"
"Buccleuch Street","EH8 8LP","<a href=""http://www.edinburgh.gov.uk/directory_record/179338/barony_housing_association""> Barony Housing Association </a>",Southside,,2,"Studio Flats:			0
1 Bedroom Flats:		2
2 Bedroom Flats:		0
3 Bedroom Flats:		0
4 Bedroom Flats:		0
5 Bedroom Flats:		0
Cottages:			0
1 Bedroom Bungalows:	0
2 Bedroom Bungalows:	0
",No,No,No,"55.94172593033451,-3.183760643005371"
"Buchanan Street","EH6 8RF","<a href="" http://www.edinburgh.gov.uk/directory_record/179351/port_of_leith_housing_association""> Port of Leith Housing Association </a>",Leith,,19,"Studio Flats:		0
1 Bedroom Flats:		15
2 Bedroom Flats:		4
3 Bedroom Flats:		0
4 Bedroom Flats:		0
5 Bedroom Flats:		0
Cottages:			0
1 Bedroom Bungalows:	0
2 Bedroom Bungalows:	0
",No,No,No,"55.964395494000726,-3.1751346588134766"
"Caerketton Cottages","EH13 9QT","<a href="" http://www.edinburgh.gov.uk/directory_record/179342/crown_housing_association""> Crown Housing Association </a>",Oxgangs,,13,"Studio Flats:			0
1 Bedroom Flats:		8
2 Bedroom Flats:		0
3 Bedroom Flats:		0
4 Bedroom Flats:		0
5 Bedroom Flats:		0
Cottages:			0
1 Bedroom Bungalows:	3
2 Bedroom Bungalows:	2
",No,No,No,"55.913102729083214,-3.2329845428466797"
"Calder Drive / Calder Gardens","EH11 4LN","<a href=""http://www.edinburgh.gov.uk/directory_record/179340/city_of_edinburgh_council""> City of Edinburgh Council </a>",Calders,,45,"Studio Flats:			0
1 Bedroom Flats:		45
2 Bedroom Flats:		0
3 Bedroom Flats:		0
4 Bedroom Flats:		0
5 Bedroom Flats:		0
Cottages:			0
1 Bedroom Bungalows:	0
2 Bedroom Bungalows:	0
",Yes,Yes,Yes,"55.91873046243603,-3.2909417152404785"
"Calder Place","EH11 4LR","<a href="" http://www.edinburgh.gov.uk/directory_record/179349/blackwood_housing_association""> Blackwood Housing Association </a>",Calders,"<a href=""http://www.mbha.org.uk/housing/our-properties/calder-place/""> Calder Place </a>",5,"Studio Flats:		0
1 Bedroom Flats:		0
2 Bedroom Flats:		5
3 Bedroom Flats:		0
4 Bedroom Flats:		0
5 Bedroom Flats:		0
Cottages:			0
1 Bedroom Bungalows:	0
2 Bedroom Bungalows:	0
",No,No,No,"55.918958921534205,-3.2921648025512695"
"Castlebrae Glebe","EH16 4BD","<a href=""http://www.edinburgh.gov.uk/directory_record/179339/bield_housing_association""> Bield Housing Association </a>",Craigmillar,"<a title=""Castlebrae Glebe"" href=""http://www.bield.co.uk/3274f6b7dd71480da9e91ff2de1ed870?site=0770102c-09d2-4e82-8e3c-fcd8fb1e49a5"" target=""_top"">Bield Housing & Care: Castlebrae Glebe</a>",11,"Studio Flats:			0
1 Bedroom Flats:		11
2 Bedroom Flats:		0
3 Bedroom Flats:		0
4 Bedroom Flats:		0
5 Bedroom Flats:		0
Cottages:			0
1 Bedroom Bungalows:	0
2 Bedroom Bungalows:	0
",No,No,Yes,"55.9316543208777,-3.142240047454834"
"Cathay Court, 1 Dorset Place","EH11 1JG","<a href="" http://www.edinburgh.gov.uk/directory_record/179344/dunedin_canmore_housing""> Dunedin Canmore Housing </a>",Merchiston,,33,"Studio Flats:			0
1 Bedroom Flats:		33
2 Bedroom Flats:		0
3 Bedroom Flats:		0
4 Bedroom Flats:		0
5 Bedroom Flats:		0
Cottages:			0
1 Bedroom Bungalows:	0
2 Bedroom Bungalows:	0
",No,No,No,"55.9386915026331,-3.2170844078063965"
"Chesser Court, 511 Gorgie Road","EH14 1SR","<a href="" http://www.edinburgh.gov.uk/directory_record/179344/dunedin_canmore_housing""> Dunedin Canmore Housing </a>",Chesser,,40,"Studio Flats:			6
1 Bedroom Flats:		34
2 Bedroom Flats:		0
3 Bedroom Flats:		0
4 Bedroom Flats:		0
5 Bedroom Flats:		0
Cottages:			0
1 Bedroom Bungalows:	0
2 Bedroom Bungalows:	0
",No,No,No,"55.93074678594781,-3.2501184940338135"
"Chesser Loan / Laichfield","EH14 1UR","<a href=""http://www.edinburgh.gov.uk/directory_record/179340/city_of_edinburgh_council""> City of Edinburgh Council </a>",Chesser,,53,"Studio Flats:			0
1 Bedroom Flats:		53
2 Bedroom Flats:		0
3 Bedroom Flats:		0
4 Bedroom Flats:		0
5 Bedroom Flats:		0
Cottages:			0
1 Bedroom Bungalows:	0
2 Bedroom Bungalows:	0
",Yes,Yes,Yes,"55.928174319770996,-3.2522106170654297"
"Cockburn Court","EH4 2UU","<a href="" http://www.edinburgh.gov.uk/directory_record/179353/viewpoint_housing_association""> Viewpoint Housing Association </a>",Blackhall,,36,"Studio Flats:		0
1 Bedroom Flats:		35
2 Bedroom Flats:		1
3 Bedroom Flats:		0
4 Bedroom Flats:		0
5 Bedroom Flats:		0
Cottages:			0
1 Bedroom Bungalows:	0
2 Bedroom Bungalows:	0
",Yes,Yes,No,"55.95748911046827,-3.247511386871338"
Colliesdene,"EH15 2LJ","<a href=""http://www.edinburgh.gov.uk/directory_record/179340/city_of_edinburgh_council""> City of Edinburgh Council </a>",Portobello,,64,"Studio Flats:		0
1 Bedroom Flats:		42
2 Bedroom Flats:		0
3 Bedroom Flats:		0
4 Bedroom Flats:		0
5 Bedroom Flats:		0
Cottages:			22
1 Bedroom Bungalows:	0
2 Bedroom Bungalows:	0
",Yes,Yes,Yes,"55.946490403419894,-3.089250326156616"
"Constitution Street","EH6 7AD","<a href="" http://www.edinburgh.gov.uk/directory_record/179351/port_of_leith_housing_association""> Port of Leith Housing Association </a>",Leith,,28,"Studio Flats:		0
1 Bedroom Flats:		24
2 Bedroom Flats:		4
3 Bedroom Flats:		0
4 Bedroom Flats:		0
5 Bedroom Flats:		0
Cottages:			0
1 Bedroom Bungalows:	0
2 Bedroom Bungalows:	0
",No,No,No,"55.97163686456614,-3.169384002685547"
"Couper Field","EH6 6HG","<a href="" http://www.edinburgh.gov.uk/directory_record/179351/port_of_leith_housing_association""> Port of Leith Housing Association </a>",Leith,,36,"Studio Flats:		0
1 Bedroom Flats:		36
2 Bedroom Flats:		0
3 Bedroom Flats:		0
4 Bedroom Flats:		0
5 Bedroom Flats:		0
Cottages:			0
1 Bedroom Bungalows:	0
2 Bedroom Bungalows:	0
",No,No,No,"55.976211559278156,-3.178074359893799"
"Craiglea Court","EH10 5TP","<a href="" http://www.edinburgh.gov.uk/directory_record/179353/viewpoint_housing_association""> Viewpoint Housing Association </a>",Morningside,,91,"Studio Flats:		24
1 Bedroom Flats:		63
2 Bedroom Flats:		4
3 Bedroom Flats:		0
4 Bedroom Flats:		0
5 Bedroom Flats:		0
Cottages:			0
1 Bedroom Bungalows:	0
2 Bedroom Bungalows:	0
",Yes,Yes,No,"55.92224136939404,-3.222942352294922"
"Craigmillar Castle Gardens","EH16 4DQ","<a href=""http://www.edinburgh.gov.uk/directory_record/179340/city_of_edinburgh_council""> City of Edinburgh Council </a>",Craigmillar,,29,"Studio Flats:		0
1 Bedroom Flats:		29
2 Bedroom Flats:		0
3 Bedroom Flats:		0
4 Bedroom Flats:		0
5 Bedroom Flats:		0
Cottages:			0
1 Bedroom Bungalows:	0
2 Bedroom Bungalows:	0
",No,No,No,"55.92971902204963,-3.143763542175293"
"Craigmount View","EH12 8XQ","<a href="" http://www.edinburgh.gov.uk/directory_record/179343/castle_rock_edinvar""> Castle Rock Edinvar </a>","East Craigs",,16,"Studio Flats:			10
1 Bedroom Flats:		6
2 Bedroom Flats:		0
3 Bedroom Flats:		0
4 Bedroom Flats:		0
5 Bedroom Flats:		0
Cottages:			0
1 Bedroom Bungalows:	0
2 Bedroom Bungalows:	0
",No,Yes,No,"55.94754776058912,-3.301992416381836"
"Croft an Righ","EH8 8EH","<a href="" http://www.edinburgh.gov.uk/directory_record/179353/viewpoint_housing_association""> Viewpoint Housing Association </a>",Abbeyhill,,96,"Studio Flats:		8
1 Bedroom Flats:		67
2 Bedroom Flats:		20
3 Bedroom Flats:		1
4 Bedroom Flats:		0
5 Bedroom Flats:		0
Cottages:			0
1 Bedroom Bungalows:	0
2 Bedroom Bungalows:	0
",Yes,Yes,No,"55.95457594871092,-3.1717548966844333"
"Deanery Close","EH7 6NE","<a href="" http://www.edinburgh.gov.uk/directory_record/179353/viewpoint_housing_association""> Viewpoint Housing Association </a>",Restalrig,,22,"Studio Flats:		2
1 Bedroom Flats:		17
2 Bedroom Flats:		3
3 Bedroom Flats:		0
4 Bedroom Flats:		0
5 Bedroom Flats:		0
Cottages:			0
1 Bedroom Bungalows:	0
2 Bedroom Bungalows:	0
",Yes,Yes,No,"55.95771734109132,-3.1485486030578613"
"Deanhaugh Street","EH4 1LZ","<a href="" http://www.edinburgh.gov.uk/directory_record/179352/trust_housing_association""> Trust Housing Association </a>",Stockbridge,"<a href="" http://www.trustha.org.uk/ourservices/developinfo.php?dev_ID=140 ""> Deanhaugh Street </a>",38,"Studio Flats:		27
1 Bedroom Flats:		8
2 Bedroom Flats:		3
3 Bedroom Flats:		0
4 Bedroom Flats:		0
5 Bedroom Flats:		0
Cottages:			0
1 Bedroom Bungalows:	0
2 Bedroom Bungalows:	0
",No,No,No,"55.95852214360165,-3.2099711894989014"
"Donaldson Court","EH6 5JN","<a href=""http://www.edinburgh.gov.uk/directory_record/179339/bield_housing_association""> Bield Housing Association </a>",Leith,"<a title=""Donaldson Court"" href=""http://www.bield.co.uk/a9619ed7f6cd4e0a9cbf083bf6bcca36?site=0770102c-09d2-4e82-8e3c-fcd8fb1e49a5"" target=""_top"">Bield Housing & Care: Donaldson Court</a>",61,"Studio Flats:			25
1 Bedroom Flats:		35
2 Bedroom Flats:		1
3 Bedroom Flats:		0
4 Bedroom Flats:		0
5 Bedroom Flats:		0
Cottages:			0
1 Bedroom Bungalows:	0
2 Bedroom Bungalows:	0
",No,No,Yes,"55.97151078264234,-3.1786000728607178"
"Drum Court","EH17 8QE","<a href="" http://www.edinburgh.gov.uk/directory_record/179343/castle_rock_edinvar""> Castle Rock Edinvar </a>",Gilmerton,,56,"Studio Flats:			0
1 Bedroom Flats:		56
2 Bedroom Flats:		0
3 Bedroom Flats:		0
4 Bedroom Flats:		0
5 Bedroom Flats:		0
Cottages:			0
1 Bedroom Bungalows:	0
2 Bedroom Bungalows:	0
",No,Yes,No,"55.90204329661725,-3.140619993209839"
"Dundee Terrace","EH11 1EF","<a href="" http://www.edinburgh.gov.uk/directory_record/179343/castle_rock_edinvar""> Castle Rock Edinvar </a>","Tollcross / Fountainbridge",,32,"Studio Flats:			0
1 Bedroom Flats:		32
2 Bedroom Flats:		0
3 Bedroom Flats:		0
4 Bedroom Flats:		0
5 Bedroom Flats:		0
Cottages:			0
1 Bedroom Bungalows:	0
2 Bedroom Bungalows:	0
",No,Yes,No,"55.93828288826756,-3.2240957021713257"
"Easter Drylaw Way / Easter Drylaw Place","EH4 2RE","<a href=""http://www.edinburgh.gov.uk/directory_record/179340/city_of_edinburgh_council""> City of Edinburgh Council </a>",Drylaw,,39,"Studio Flats:			0
1 Bedroom Flats:		30
2 Bedroom Flats:		0
3 Bedroom Flats:		0
4 Bedroom Flats:		0
5 Bedroom Flats:		0
Cottages:			9
1 Bedroom Bungalows:	0
2 Bedroom Bungalows:	0
",No,No,No,"55.965716574767946,-3.244689702987671"
"Edina Place","EH7 5RP","<a href="" http://www.edinburgh.gov.uk/directory_record/179343/castle_rock_edinvar""> Castle Rock Edinvar </a>",Abbeyhill,,20,"Studio Flats:		0
1 Bedroom Flats:		10
2 Bedroom Flats:		10
3 Bedroom Flats:		0
4 Bedroom Flats:		0
5 Bedroom Flats:		0
Cottages:			0
1 Bedroom Bungalows:	0
2 Bedroom Bungalows:	0
",No,Yes,No,"55.95921582189014,-3.170478343963623"
"Elgin Street","EH7 5NH","<a href="" http://www.edinburgh.gov.uk/directory_record/179351/port_of_leith_housing_association""> Port of Leith Housing Association </a>",Leith,,44,"Studio Flats:		0
1 Bedroom Flats:		44
2 Bedroom Flats:		0
3 Bedroom Flats:		0
4 Bedroom Flats:		0
5 Bedroom Flats:		0
Cottages:			0
1 Bedroom Bungalows:	0
2 Bedroom Bungalows:	0
",No,No,No,"55.95975934467627,-3.174319267272949"
"Elizabeth Maginnis Court, Royston Mains Crescent","EH5 1NT","<a href="" http://www.edinburgh.gov.uk/directory_record/179344/dunedin_canmore_housing""> Dunedin Canmore Housing </a>",Royston,,68,"Studio Flats:		0
1 Bedroom Flats:		53
2 Bedroom Flats:		15
3 Bedroom Flats:		0
4 Bedroom Flats:		0
5 Bedroom Flats:		0
Cottages:			0
1 Bedroom Bungalows:	0
2 Bedroom Bungalows:	0
",No,No,No,"55.97747220682723,-3.2328128814697266"
"Ferniehill Drive","EH17 7DS","<a href=""http://www.edinburgh.gov.uk/directory_record/179340/city_of_edinburgh_council""> City of Edinburgh Council </a>",Moredun,,37,"Studio Flats:		0
1 Bedroom Flats:		20
2 Bedroom Flats:		0
3 Bedroom Flats:		0
4 Bedroom Flats:		0
5 Bedroom Flats:		0
Cottages:			17
1 Bedroom Bungalows:	0
2 Bedroom Bungalows:	0
",No,No,No,"55.908328135343275,-3.128528594970703"
"Ferry Road","EH6 4AH","<a href="" http://www.edinburgh.gov.uk/directory_record/179351/port_of_leith_housing_association""> Port of Leith Housing Association </a>",Leith,,36,"Studio Flats:		0
1 Bedroom Flats:		31
2 Bedroom Flats:		5
3 Bedroom Flats:		0
4 Bedroom Flats:		0
5 Bedroom Flats:		0
Cottages:			0
1 Bedroom Bungalows:	0
2 Bedroom Bungalows:	0
",No,Yes,Yes,"55.97497488414304,-3.182666301727295"
"Fleming Court","EH11 1NP","<a href="" http://www.edinburgh.gov.uk/directory_record/179353/viewpoint_housing_association""> Viewpoint Housing Association </a>","Tollcross / Fountainbridge",,145,"Studio Flats:		27
1 Bedroom Flats:		87
2 Bedroom Flats:		31
3 Bedroom Flats:		0
4 Bedroom Flats:		0
5 Bedroom Flats:		0
Cottages:			0
1 Bedroom Bungalows:	0
2 Bedroom Bungalows:	0
",Yes,Yes,No,"55.93244764525802,-3.227105140686035"
"Fountain Court","EH1 1TG","<a href="" http://www.edinburgh.gov.uk/directory_record/179343/castle_rock_edinvar""> Castle Rock Edinvar </a>",Grassmarket,,65,"Studio Flats:		0
1 Bedroom Flats:		61
2 Bedroom Flats:		4
3 Bedroom Flats:		0
4 Bedroom Flats:		0
5 Bedroom Flats:		0
Cottages:			0
1 Bedroom Bungalows:	0
2 Bedroom Bungalows:	0
",No,Yes,No,"55.950407286484456,-3.18503737449646"
"Fraser Court, Morrison Crescent","EH3 8AR","<a href="" http://www.edinburgh.gov.uk/directory_record/179344/dunedin_canmore_housing""> Dunedin Canmore Housing </a>",Haymarket,,33,"Studio Flats:			0
1 Bedroom Flats:		32
2 Bedroom Flats:		1
3 Bedroom Flats:		0
4 Bedroom Flats:		0
5 Bedroom Flats:		0
Cottages:			0
1 Bedroom Bungalows:	0
2 Bedroom Bungalows:	0
",No,No,No,"55.944609918488176,-3.21524977684021"
"Gordon Court","EH6 8TB","<a href=""http://www.edinburgh.gov.uk/directory_record/179339/bield_housing_association""> Bield Housing Association </a>",Leith,"<a title=""Gordon Court"" href=""http://www.bield.co.uk/a975b6c65ec249f7939497b92905d30d?site=0770102c-09d2-4e82-8e3c-fcd8fb1e49a5"" target=""_top"">Bield Housing & Care: Gordon Court",58,"Studio Flats:			29
1 Bedroom Flats:		29
2 Bedroom Flats:		0
3 Bedroom Flats:		0
4 Bedroom Flats:		0
5 Bedroom Flats:		0
Cottages:			0
1 Bedroom Bungalows:	0
2 Bedroom Bungalows:	0
",No,No,Yes,"55.96819648186219,-3.169008493423462"
"Granton Crescent","EH5 1BL","<a href=""http://www.edinburgh.gov.uk/directory_record/179340/city_of_edinburgh_council""> City of Edinburgh Council </a>",Granton,,48,"Studio Flats:			0
1 Bedroom Flats:		48
2 Bedroom Flats:		0
3 Bedroom Flats:		0
4 Bedroom Flats:		0
5 Bedroom Flats:		0
Cottages:			0
1 Bedroom Bungalows:	0
2 Bedroom Bungalows:	0
",Yes,No,No,"55.97965122927049,-3.225688934326172"
"Greenlaw Rig","EH13 9QU","<a href="" http://www.edinburgh.gov.uk/directory_record/179348/manor_estates_housing_association""> Manor Estates Housing Association </a>",Firrhill,,64,"Studio Flats:			0
1 Bedroom Flats:		63
2 Bedroom Flats:		1
3 Bedroom Flats:		0
4 Bedroom Flats:		0
5 Bedroom Flats:		0
Cottages:			0
1 Bedroom Bungalows:	0
2 Bedroom Bungalows:	0
",No,No,No,"55.912450316129,-3.228859305381775"
"Halmyre Street - Bield","EH6 8PE","<a href=""http://www.edinburgh.gov.uk/directory_record/179339/bield_housing_association""> Bield Housing Association </a>",Leith,"<a title=""Halmyre Street"" href=""http://www.bield.co.uk/9a6482683afe4686b36e07a7a4431660?site=0770102c-09d2-4e82-8e3c-fcd8fb1e49a5"" target=""_top"">Bield Housing & Care: Halmyre Street</a>",32,"Studio Flats:		0
1 Bedroom Flats:		26
2 Bedroom Flats:		6
3 Bedroom Flats:		0
4 Bedroom Flats:		0
5 Bedroom Flats:		0
Cottages:			0
1 Bedroom Bungalows:	0
2 Bedroom Bungalows:	0
",No,No,No,"55.96699557817711,-3.172152042388916"
"Halmyre Street - Port of Leith","EH6 8QD","<a href="" http://www.edinburgh.gov.uk/directory_record/179351/port_of_leith_housing_association""> Port of Leith Housing Association </a>",Leith,,9,"Studio Flats:		0
1 Bedroom Flats:		0
2 Bedroom Flats:		9
3 Bedroom Flats:		0
4 Bedroom Flats:		0
5 Bedroom Flats:		0
Cottages:			0
1 Bedroom Bungalows:	0
2 Bedroom Bungalows:	0
",No,No,No,"55.96638910765244,-3.171572685241699"
"Hanover Court","EH14 7HL","<a href="" http://www.edinburgh.gov.uk/directory_record/179345/hanover_scotland_housing_association""> Hanover (Scotland) Housing Association </a>",Balerno,,22,"Studio Flats:		0
1 Bedroom Flats:		12
2 Bedroom Flats:		10
3 Bedroom Flats:		0
4 Bedroom Flats:		0
5 Bedroom Flats:		0
Cottages:			0
1 Bedroom Bungalows:	0
2 Bedroom Bungalows:	0
",No,No,No,"55.883658057642,-3.3401119709014893"
"Haugh Park","EH14 2BD","<a href="" http://www.edinburgh.gov.uk/directory_record/179353/viewpoint_housing_association""> Viewpoint Housing Association </a>",Longstone,,32,"Studio Flats:		0
1 Bedroom Flats:		31
2 Bedroom Flats:		1
3 Bedroom Flats:		0
4 Bedroom Flats:		0
5 Bedroom Flats:		0
Cottages:			0
1 Bedroom Bungalows:	0
2 Bedroom Bungalows:	0
",Yes,Yes,No,"55.924862318633735,-3.2605576515197754"
"Ingham Court","EH16 5AA","<a href="" http://www.edinburgh.gov.uk/directory_record/179353/viewpoint_housing_association""> Viewpoint Housing Association </a>",Newington,,11,"Studio Flats:		1
1 Bedroom Flats:		9
2 Bedroom Flats:		1
3 Bedroom Flats:		0
4 Bedroom Flats:		0
5 Bedroom Flats:		0
Cottages:			0
1 Bedroom Bungalows:	0
2 Bedroom Bungalows:	0
",Yes,Yes,No,"55.938084588566106,-3.176121711730957"
"Inverard House","EH3 5QF","<a href="" http://www.edinburgh.gov.uk/directory_record/179353/viewpoint_housing_association""> Viewpoint Housing Association </a>",Inverleith,,37,"Studio Flats:		10
1 Bedroom Flats:		27
2 Bedroom Flats:		0
3 Bedroom Flats:		0
4 Bedroom Flats:		0
5 Bedroom Flats:		0
Cottages:			0
1 Bedroom Bungalows:	0
2 Bedroom Bungalows:	0
",Yes,Yes,No,"55.970388035009854,-3.215324878692627"
"Inverleith Row","EH3 5PY","<a href="" http://www.edinburgh.gov.uk/directory_record/179342/crown_housing_association""> Crown Housing Association </a>",Warriston,,16,"Studio Flats:		0
1 Bedroom Flats:		16
2 Bedroom Flats:		0
3 Bedroom Flats:		0
4 Bedroom Flats:		0
5 Bedroom Flats:		0
Cottages:			0
1 Bedroom Bungalows:	0
2 Bedroom Bungalows:	0
",No,No,No,"55.96943937792554,-3.2077717781066895"
"Jameson Place","EH6 8NZ","<a href="" http://www.edinburgh.gov.uk/directory_record/179351/port_of_leith_housing_association""> Port of Leith Housing Association </a>",Leith,,31,"Studio Flats:		0
1 Bedroom Flats:		21
2 Bedroom Flats:		10
3 Bedroom Flats:		0
4 Bedroom Flats:		0
5 Bedroom Flats:		0
Cottages:			0
1 Bedroom Bungalows:	0
2 Bedroom Bungalows:	0
",No,Yes,Yes,"55.965614492861974,-3.174394369125366"
"Kaimes Court","EH12 6DA","<a href="" http://www.edinburgh.gov.uk/directory_record/179341/cairn_housing_association""> Cairn Housing Association </a>",Corstorphine,"<a href="" http://www.cairnha.com/Upload/Documents/Kaimes%20Court%20Leaflet.pdf""> Kaimes Court </a>",26,"Studio Flats:		0
1 Bedroom Flats:		21
2 Bedroom Flats:		5
3 Bedroom Flats:		0
4 Bedroom Flats:		0
5 Bedroom Flats:		0
Cottages:			0
1 Bedroom Bungalows:	0
2 Bedroom Bungalows:	0
",No,No,No,"55.942272702919865,-3.272799253463745"
"Kilvarock House / Northwood House / St Albans Court","EH9 2HE","<a href="" http://www.edinburgh.gov.uk/directory_record/179353/viewpoint_housing_association""> Viewpoint Housing Association </a>",Grange,,151,"Studio Flats:		10
1 Bedroom Flats:		110
2 Bedroom Flats:		31
3 Bedroom Flats:		0
4 Bedroom Flats:		0
5 Bedroom Flats:		0
Cottages:			0
1 Bedroom Bungalows:	0
2 Bedroom Bungalows:	0
",Yes,Yes,No,"55.929646897243664,-3.1894898414611816"
"Kingsknowe Place","EH14 2EH","<a href=""http://www.edinburgh.gov.uk/directory_record/179340/city_of_edinburgh_council""> City of Edinburgh Council </a>",Kingsknowe,,51,"Studio Flats:		0
1 Bedroom Flats:		51
2 Bedroom Flats:		0
3 Bedroom Flats:		0
4 Bedroom Flats:		0
5 Bedroom Flats:		0
Cottages:			0
1 Bedroom Bungalows:	0
2 Bedroom Bungalows:	0
",Yes,No,No,"55.920708392625336,-3.265460729598999"
"Kirk Loan","EH12 7HD","<a href="" http://www.edinburgh.gov.uk/directory_record/179352/trust_housing_association""> Trust Housing Association </a>",Corstorphine,"<a href="" http://www.trustha.org.uk/ourservices/developinfo.php?dev_ID=126 ""> Kirk Loan </a>",22,"Studio Flats:		17
1 Bedroom Flats:		5
2 Bedroom Flats:		0
3 Bedroom Flats:		0
4 Bedroom Flats:		0
5 Bedroom Flats:		0
Cottages:			0
1 Bedroom Bungalows:	0
2 Bedroom Bungalows:	0
",No,No,No,"55.9418941688752,-3.281489610671997"
"Kirkland Park Gardens","EH29 9EX","<a href=""http://www.edinburgh.gov.uk/directory_record/179340/city_of_edinburgh_council""> City of Edinburgh Council </a>",Kirkliston,,25,"Studio Flats:			0
1 Bedroom Flats:		23
2 Bedroom Flats:		2
3 Bedroom Flats:		0
4 Bedroom Flats:		0
5 Bedroom Flats:		0
Cottages:			0
1 Bedroom Bungalows:	0
2 Bedroom Bungalows:	0
",Yes,Yes,Yes,"55.95681642290905,-3.411233425140381"
"Lade Court, Lynedoch Place","EH3 7PY","<a href="" http://www.edinburgh.gov.uk/directory_record/179353/viewpoint_housing_association""> Viewpoint Housing Association </a>","West End",,90,"Studio Flats:		19
1 Bedroom Flats:		71
2 Bedroom Flats:		0
3 Bedroom Flats:		0
4 Bedroom Flats:		0
5 Bedroom Flats:		0
Cottages:			0
1 Bedroom Bungalows:	0
2 Bedroom Bungalows:	0
",Yes,Yes,No,"55.95201117179783,-3.214874267578125"
"Lady Nairne Crescent","EH8 7PF","<a href=""http://www.edinburgh.gov.uk/directory_record/179340/city_of_edinburgh_council""> City of Edinburgh Council </a>",Northfield,,47,"Studio Flats:			9
1 Bedroom Flats:		26
2 Bedroom Flats:		2
3 Bedroom Flats:		0
4 Bedroom Flats:		0
5 Bedroom Flats:		0
Cottages:			12
1 Bedroom Bungalows:	0
2 Bedroom Bungalows:	0
",No,No,No,"55.94559523188523,-3.1399011611938477"
"Laura Fergusson Court","EH12 8XF","<a href="" http://www.edinburgh.gov.uk/directory_record/179349/blackwood_housing_association""> Blackwood Housing Association </a>","East Craigs","<a href=""http://www.mbha.org.uk/housing/our-properties/laura-fergusson-court/ ""> Laura Fergusson Court </a>",43,"Studio Flats:			13
1 Bedroom Flats:		19
2 Bedroom Flats:		10
3 Bedroom Flats:		2
4 Bedroom Flats:		0
5 Bedroom Flats:		0
Cottages:			0
1 Bedroom Bungalows:	0
2 Bedroom Bungalows:	0
",No,No,No,"55.9525517923242,-3.302839994430542"
"Lauriston Park","EH3 9JA","<a href="" http://www.edinburgh.gov.uk/directory_record/179343/castle_rock_edinvar""> Castle Rock Edinvar </a>","Tollcross / Fountain Bridge",,32,"Studio Flats:		0
1 Bedroom Flats:		32
2 Bedroom Flats:		0
3 Bedroom Flats:		0
4 Bedroom Flats:		0
5 Bedroom Flats:		0
Cottages:			0
1 Bedroom Bungalows:	0
2 Bedroom Bungalows:	0
",No,Yes,No,"55.943600547063006,-3.2006263732910156"
"Lennox Tower","EH14 7AB","<a href="" http://www.edinburgh.gov.uk/directory_record/179353/viewpoint_housing_association""> Viewpoint Housing Association </a>",Balerno,,22,"Studio Flats:		0
1 Bedroom Flats:		21
2 Bedroom Flats:		1
3 Bedroom Flats:		0
4 Bedroom Flats:		0
5 Bedroom Flats:		0
Cottages:			0
1 Bedroom Bungalows:	0
2 Bedroom Bungalows:	0
",Yes,Yes,No,"55.8836640751791,-3.337740898132324"
"Loaning Road","EH7 6JE","<a href=""http://www.edinburgh.gov.uk/directory_record/179340/city_of_edinburgh_council""> City of Edinburgh Council </a>",Craigentinny,,26,"Studio Flats:		0
1 Bedroom Flats:		0
2 Bedroom Flats:		0
3 Bedroom Flats:		0
4 Bedroom Flats:		0
5 Bedroom Flats:		0
Cottages:			26
1 Bedroom Bungalows:	0
2 Bedroom Bungalows:	0
",No,No,No,"55.95936896996681,-3.1483232975006104"
"Magdalene Avenue","EH15 3BP","<a href=""http://www.edinburgh.gov.uk/directory_record/179340/city_of_edinburgh_council""> City of Edinburgh Council </a>",Milton,,23,"Studio Flats:		0
1 Bedroom Flats:		23
2 Bedroom Flats:		0
3 Bedroom Flats:		0
4 Bedroom Flats:		0
5 Bedroom Flats:		0
Cottages:			0
1 Bedroom Bungalows:	0
2 Bedroom Bungalows:	0
",No,No,No,"55.94262119130921,-3.111158609390259"
"Magdalene Court","EH15 3EF","<a href=""http://www.edinburgh.gov.uk/directory_record/179340/city_of_edinburgh_council""> City of Edinburgh Council </a>",Milton,,22,"Studio Flats:		0
1 Bedroom Flats:		19
2 Bedroom Flats:		0
3 Bedroom Flats:		0
4 Bedroom Flats:		0
5 Bedroom Flats:		0
Cottages:			3
1 Bedroom Bungalows:	0
2 Bedroom Bungalows:	0
",No,No,No,"55.94082463999397,-3.114001750946045"
"Manderston Court","EH6 8NL","<a href=""http://www.edinburgh.gov.uk/directory_record/179339/bield_housing_association""> Bield Housing Association </a>",Leith,"<a title=""Manderston Court"" href=""http://www.bield.co.uk/df42cde8cc8f4a62a5ec2425b81ad544?site=0770102c-09d2-4e82-8e3c-fcd8fb1e49a5"" target=""_top"">Bield Housing & Care: Manderston Court</a>",50,"Studio Flats:			21
1 Bedroom Flats:		29
2 Bedroom Flats:		0
3 Bedroom Flats:		0
4 Bedroom Flats:		0
5 Bedroom Flats:		0
Cottages:			0
1 Bedroom Bungalows:	0
2 Bedroom Bungalows:	0
",No,No,Yes,"55.96906110943711,-3.171851634979248"
"Marmion Crescent","EH16 5QU","<a href="" http://www.edinburgh.gov.uk/directory_record/179349/blackwood_housing_association""> Blackwood Housing Association </a>",Gilmerton,"<a href=""http://www.mbha.org.uk/housing/our-properties/marmion-crescent/ ""> Marmion Crescent </a>",10,"Studio Flats:		0
1 Bedroom Flats:		4
2 Bedroom Flats:		5
3 Bedroom Flats:		1
4 Bedroom Flats:		0
5 Bedroom Flats:		0
Cottages:			0
1 Bedroom Bungalows:	0
2 Bedroom Bungalows:	0
",No,No,No,"55.921099157167035,-3.1595993041992188"
"Melgund / East Claremont Street","EH7 4BT","<a href="" http://www.edinburgh.gov.uk/directory_record/179353/viewpoint_housing_association""> Viewpoint Housing Association </a>",Broughton,,39,"Studio Flats:		3
1 Bedroom Flats:		33
2 Bedroom Flats:		3
3 Bedroom Flats:		0
4 Bedroom Flats:		0
5 Bedroom Flats:		0
Cottages:			0
1 Bedroom Bungalows:	0
2 Bedroom Bungalows:	0
",Yes,Yes,No,"55.96167512655894,-3.1919896602630615"
"Mid Gogarloch Syke","EH12 9JB","<a href="" http://www.edinburgh.gov.uk/directory_record/179347/horizon_housing_association""> Horizon Housing Association </a>","South Gyle",,14,"Studio Flats:		0
1 Bedroom Flats:		0
2 Bedroom Flats:		3
3 Bedroom Flats:		9
4 Bedroom Flats:		0
5 Bedroom Flats:		1
Cottages:			0
1 Bedroom Bungalows:	0
2 Bedroom Bungalows:	0
",No,No,No,"55.93703899153451,-3.3086228370666504"
"Milton Court","EH15 3AW","<a href=""http://www.edinburgh.gov.uk/directory_record/179339/bield_housing_association""> Bield Housing Association </a>",Portobello,"<a title=""Milton Court"" href=""http://www.bield.co.uk/40854465de1540dbaeab8ade0b56ce0d?site=0770102c-09d2-4e82-8e3c-fcd8fb1e49a5"" target=""_top"">Bield Housing & Care: Milton Court</a>",26,"Studio Flats:			0
1 Bedroom Flats:		22
2 Bedroom Flats:		4
3 Bedroom Flats:		0
4 Bedroom Flats:		0
5 Bedroom Flats:		0
Cottages:			0
1 Bedroom Bungalows:	0
2 Bedroom Bungalows:	0
",No,No,No,"55.945312858047615,-3.108202815055847"
"Moira Park","EH7 6RX","<a href=""http://www.edinburgh.gov.uk/directory_record/179340/city_of_edinburgh_council""> City of Edinburgh Council </a>",Portobello,,47,"Studio Flats:		0
1 Bedroom Flats:		41
2 Bedroom Flats:		6
3 Bedroom Flats:		0
4 Bedroom Flats:		0
5 Bedroom Flats:		0
Cottages:			0
1 Bedroom Bungalows:	0
2 Bedroom Bungalows:	0
",Yes,Yes,Yes,"55.955579127766754,-3.133571147918701"
"Montrose Terrace","EH7 5XW","<a href="" http://www.edinburgh.gov.uk/directory_record/179352/trust_housing_association""> Trust Housing Association </a>",Abbeyhill,"<a href="" http://www.trustha.org.uk/ourservices/developinfo.php?dev_ID=124 ""> Montrose Terrace </a>",31,"Studio Flats:		0
1 Bedroom Flats:		29
2 Bedroom Flats:		2
3 Bedroom Flats:		0
4 Bedroom Flats:		0
5 Bedroom Flats:		0
Cottages:			0
1 Bedroom Bungalows:	0
2 Bedroom Bungalows:	0
",No,No,No,"55.95700862054742,-3.1693625450134277"
"Muirhouse Bank","EH4 4QT","<a href="" http://www.edinburgh.gov.uk/directory_record/179349/blackwood_housing_association""> Blackwood Housing Association </a>",Muirhouse,"<a href=""http://www.mbha.org.uk/housing/our-properties/muirhouse-bank/ ""> Muirhouse Bank </a>",4,"Studio Flats:		0
1 Bedroom Flats:		0
2 Bedroom Flats:		4
3 Bedroom Flats:		0
4 Bedroom Flats:		0
5 Bedroom Flats:		0
Cottages:			0
1 Bedroom Bungalows:	0
2 Bedroom Bungalows:	0
",No,No,No,"55.966857471863754,-3.258819580078125"
"New Lairdship Place","EH11 3UZ","<a href="" http://www.edinburgh.gov.uk/directory_record/179349/blackwood_housing_association""> Blackwood Housing Association </a>",Broomhouse,"<a href=""http://www.mbha.org.uk/housing/our-properties/new-lairdship-place/""> New Lairdship Place </a>",12,"Studio Flats:		0
1 Bedroom Flats:		5
2 Bedroom Flats:		3
3 Bedroom Flats:		2
4 Bedroom Flats:		2
5 Bedroom Flats:		0
Cottages:			0
1 Bedroom Bungalows:	0
2 Bedroom Bungalows:	0
",No,No,No,"55.92634103288351,-3.2822299003601074"
"North Fort Street","EH6 4DL","<a href=""http://www.edinburgh.gov.uk/directory_record/179338/barony_housing_association""> Barony Housing Association </a>",Leith,,11,"Studio Flats:			0
1 Bedroom Flats:		10
2 Bedroom Flats:		1
3 Bedroom Flats:		0
4 Bedroom Flats:		0
5 Bedroom Flats:		0
Cottages:			0
1 Bedroom Bungalows:	0
2 Bedroom Bungalows:	0
",No,No,No,"55.974860769865764,-3.183910757325066"
"Norton Park","EH7 5RS","<a href="" http://www.edinburgh.gov.uk/directory_record/179343/castle_rock_edinvar""> Castle Rock Edinvar </a>",Abbeyhill,,32,"Studio Flats:		0
1 Bedroom Flats:		16
2 Bedroom Flats:		16
3 Bedroom Flats:		0
4 Bedroom Flats:		0
5 Bedroom Flats:		0
Cottages:			0
1 Bedroom Bungalows:	0
2 Bedroom Bungalows:	0
",No,Yes,No,"55.95936896996681,-3.1684184074401855"
"Oxgangs Brae","EH13 9LU","<a href=""http://www.edinburgh.gov.uk/directory_record/179340/city_of_edinburgh_council""> City of Edinburgh Council </a>",Oxgangs,,25,"Studio Flats:			0
1 Bedroom Flats:		16
2 Bedroom Flats:		0
3 Bedroom Flats:		0
4 Bedroom Flats:		0
5 Bedroom Flats:		0
Cottages:			9
1 Bedroom Bungalows:	0
2 Bedroom Bungalows:	0
",No,No,No,"55.90387171837903,-3.2210326194763184"
"Oxgangs Road North","EH13 9EA","<a href=""http://www.edinburgh.gov.uk/directory_record/179340/city_of_edinburgh_council""> City of Edinburgh Council </a>",Oxgangs,,18,"Studio Flats:		0
1 Bedroom Flats:		0
2 Bedroom Flats:		0
3 Bedroom Flats:		0
4 Bedroom Flats:		0
5 Bedroom Flats:		0
Cottages:			18
1 Bedroom Bungalows:	0
2 Bedroom Bungalows:	0
",No,No,No,"55.91022842192024,-3.230409622192383"
Parkgrove,"EH4 7NN","<a href=""http://www.edinburgh.gov.uk/directory_record/179340/city_of_edinburgh_council""> City of Edinburgh Council </a>",Parkgrove,,38,"Studio Flats:		0
1 Bedroom Flats:		32
2 Bedroom Flats:		0
3 Bedroom Flats:		0
4 Bedroom Flats:		0
5 Bedroom Flats:		0
Cottages:			6
1 Bedroom Bungalows:	0
2 Bedroom Bungalows:	0
",No,No,No,"55.95883445051684,-3.2886886596679688"
"Pipe Street","EH15 1BS","<a href="" http://www.edinburgh.gov.uk/directory_record/179349/blackwood_housing_association""> Blackwood Housing Association </a>",Portobello,"<a href=""http://www.mbha.org.uk/housing/our-properties/pipe-street/ ""> Pipe Street </a>",3,"Studio Flats:		0
1 Bedroom Flats:		2
2 Bedroom Flats:		1
3 Bedroom Flats:		0
4 Bedroom Flats:		0
5 Bedroom Flats:		0
Cottages:			0
1 Bedroom Bungalows:	0
2 Bedroom Bungalows:	0
",No,No,No,"55.9548643615806,-3.116694688796997"
"Queen's Bay Crescent","EH15 2NA","<a href="" http://www.edinburgh.gov.uk/directory_record/179352/trust_housing_association""> Trust Housing Association </a>",Portobello,"<a href="" http://www.trustha.org.uk/ourservices/developinfo.php?dev_ID=130 ""> Queen’s Bay Crescent </a>",39,"Studio Flats:		26
1 Bedroom Flats:		13
2 Bedroom Flats:		0
3 Bedroom Flats:		0
4 Bedroom Flats:		0
5 Bedroom Flats:		0
Cottages:			0
1 Bedroom Bungalows:	0
2 Bedroom Bungalows:	0
",No,No,No,"55.946184004754045,-3.0975866317749023"
"Ravenscroft Place","EH17 8QU","<a href=""http://www.edinburgh.gov.uk/directory_record/179340/city_of_edinburgh_council""> City of Edinburgh Council </a>",Gilmerton,,23,"Studio Flats:			0
1 Bedroom Flats:		20
2 Bedroom Flats:		3
3 Bedroom Flats:		0
4 Bedroom Flats:		0
5 Bedroom Flats:		0
Cottages:			0
1 Bedroom Bungalows:	0
2 Bedroom Bungalows:	0
",Yes,Yes,Yes,"55.90279211792436,-3.136746883392334"
"Renton House","EH16 4NU","<a href=""http://www.edinburgh.gov.uk/directory_record/179340/city_of_edinburgh_council""> City of Edinburgh Council </a>",Niddrie,,19,"Studio Flats:		0
1 Bedroom Flats:		17
2 Bedroom Flats:		2
3 Bedroom Flats:		0
4 Bedroom Flats:		0
5 Bedroom Flats:		0
Cottages:			0
1 Bedroom Bungalows:	0
2 Bedroom Bungalows:	0
",No,Yes,Yes,"55.93471934794303,-3.129451274871826"
"Restalrig Avenue","EH7 6PW","<a href=""http://www.edinburgh.gov.uk/directory_record/179340/city_of_edinburgh_council""> City of Edinburgh Council </a>",Restalrig,,28,"Studio Flats:		0
1 Bedroom Flats:		28
2 Bedroom Flats:		0
3 Bedroom Flats:		0
4 Bedroom Flats:		0
5 Bedroom Flats:		0
Cottages:			0
1 Bedroom Bungalows:	0
2 Bedroom Bungalows:	0
",Yes,Yes,Yes,"55.9572248417499,-3.1443214416503906"
"Richmond Court","EH8 9DX","<a href="" http://www.edinburgh.gov.uk/directory_record/179353/viewpoint_housing_association""> Viewpoint Housing Association </a>",Newington,,35,"Studio Flats:		10
1 Bedroom Flats:		25
2 Bedroom Flats:		0
3 Bedroom Flats:		0
4 Bedroom Flats:		0
5 Bedroom Flats:		0
Cottages:			0
1 Bedroom Bungalows:	0
2 Bedroom Bungalows:	0
",Yes,Yes,No,"55.94534289791543,-3.1841468811035156"
"Roseburn Court","EH12 5PT","<a href="" http://www.edinburgh.gov.uk/directory_record/179345/hanover_scotland_housing_association""> Hanover (Scotland) Housing Association </a>",Roseburn,"<a href="" http://www.hsha.org.uk/Property%20Search/Pages/roseburn-court-edinburgh.aspx ""> Roseburn Court </a>",34,"Studio Flats:		0
1 Bedroom Flats:		22
2 Bedroom Flats:		12
3 Bedroom Flats:		0
4 Bedroom Flats:		0
5 Bedroom Flats:		0
Cottages:			0
1 Bedroom Bungalows:	0
2 Bedroom Bungalows:	0
",No,No,No,"55.94354647285137,-3.238874673843384"
"Royston Mains Close","EH5 1QA","<a href="" http://www.edinburgh.gov.uk/directory_record/179344/dunedin_canmore_housing""> Dunedin Canmore Housing </a>",Royston,,49,"Studio Flats:			0
1 Bedroom Flats:		48
2 Bedroom Flats:		1
3 Bedroom Flats:		0
4 Bedroom Flats:		0
5 Bedroom Flats:		0
Cottages:			0
1 Bedroom Bungalows:	0
2 Bedroom Bungalows:	0
",No,No,No,"55.9765777516097,-3.2350337505340576"
"Saughton Mains Terrace","EH11 3NS","<a href=""http://www.edinburgh.gov.uk/directory_record/179340/city_of_edinburgh_council""> City of Edinburgh Council </a>",Saughton,,23,"Studio Flats:		0
1 Bedroom Flats:		0
2 Bedroom Flats:		0
3 Bedroom Flats:		0
4 Bedroom Flats:		0
5 Bedroom Flats:		0
Cottages:			23
1 Bedroom Bungalows:	0
2 Bedroom Bungalows:	0
",Yes,No,No,"55.932567844504675,-3.268486261367798"
"Saughton Road West","EH12 7HG","<a href="" http://www.edinburgh.gov.uk/directory_record/179353/viewpoint_housing_association""> Viewpoint Housing Association </a>",Corstorphine,,18,"Studio Flats:		0
1 Bedroom Flats:		18
2 Bedroom Flats:		0
3 Bedroom Flats:		0
4 Bedroom Flats:		0
5 Bedroom Flats:		0
Cottages:			0
1 Bedroom Bungalows:	0
2 Bedroom Bungalows:	0
",Yes,Yes,No,"55.940163680414706,-3.281993865966797"
"Saunders Court","EH12 7TE","<a href="" http://www.edinburgh.gov.uk/directory_record/179339/bield_housing_association""> Bield Housing Association </a>",Corstorphine,"<a title=""Saunders Court"" href=""http://www.bield.co.uk/e6fd80dbbb8640889ed7c48619297ff4?site=0770102c-09d2-4e82-8e3c-fcd8fb1e49a5"" target=""_top"">Bield Housing & Care: Saunders Court</a>",35,"Studio Flats:		0
1 Bedroom Flats:		35
2 Bedroom Flats:		0
3 Bedroom Flats:		0
4 Bedroom Flats:		0
5 Bedroom Flats:		0
Cottages:			0
1 Bedroom Bungalow:	0
2 Bedroom Bungalow:	0
",No,No,Yes,"55.93890181717043,-3.290855884552002"
"Shore Road","EH30 9RE","<a href="" http://www.edinburgh.gov.uk/directory_record/179343/castle_rock_edinvar""> Castle Rock Edinvar </a>","South Queensferry",,42,"Studio Flats:		0
1 Bedroom Flats:		21
2 Bedroom Flats:		21
3 Bedroom Flats:		0
4 Bedroom Flats:		0
5 Bedroom Flats:		0
Cottages:			0
1 Bedroom Bungalows:	0
2 Bedroom Bungalows:	0
",No,Yes,No,"55.9916126557152,-3.402543067932129"
"Southhouse Avenue","EH17 8BZ","<a href=""http://www.edinburgh.gov.uk/directory_record/179340/city_of_edinburgh_council""> City of Edinburgh Council </a>",Southhouse,,49,"Studio Flats:			0
1 Bedroom Flats:		44
2 Bedroom Flats:		0
3 Bedroom Flats:		0
4 Bedroom Flats:		0
5 Bedroom Flats:		0
Cottages:			5
1 Bedroom Bungalows:	0
2 Bedroom Bungalows:	0
",No,No,No,"55.9014478380309,-3.1552648544311523"
"St Colms, 154 Dalry Road","EH11 2BQ","<a href="" http://www.edinburgh.gov.uk/directory_record/179344/dunedin_canmore_housing""> Dunedin Canmore Housing </a>","Gorgie / Dalry",,23,"Studio Flats:		0
1 Bedroom Flats:		21
2 Bedroom Flats:		1
3 Bedroom Flats:		1
4 Bedroom Flats:		0
5 Bedroom Flats:		0
Cottages:			0
1 Bedroom Bungalows:	0
2 Bedroom Bungalows:	0
",No,No,No,"55.942389867469636,-3.2218480110168457"
"St Margaret's Court","EH14 5DG","<a href="" http://www.edinburgh.gov.uk/directory_record/179345/hanover_scotland_housing_association""> Hanover (Scotland) Housing Association </a>","Juniper Green","<a href="" http://www.hsha.org.uk/Property%20Search/Pages/st-margarets-court-edinburgh.aspx ""> St Margaret’s Court </a>",28,"Studio Flats:		0
1 Bedroom Flats:		27
2 Bedroom Flats:		1
3 Bedroom Flats:		0
4 Bedroom Flats:		0
5 Bedroom Flats:		0
Cottages:			0
1 Bedroom Bungalows:	0
2 Bedroom Bungalows:	0
",No,No,No,"55.90382961753162,-3.2836246490478516"
"Stenhouse Mill Wynd","EH11 3XX","<a href="" http://www.edinburgh.gov.uk/directory_record/179344/dunedin_canmore_housing""> Dunedin Canmore Housing </a>",Stenhouse,,26,"Studio Flats:		0
1 Bedroom Flats:		26
2 Bedroom Flats:		0
3 Bedroom Flats:		0
4 Bedroom Flats:		0
5 Bedroom Flats:		0
Cottages:			0
1 Bedroom Bungalows:	0
2 Bedroom Bungalows:	0
",No,No,No,"55.92975508440228,-3.255321979522705"
"Stewart Road","EH14 5SH","<a href=""http://www.edinburgh.gov.uk/directory_record/179340/city_of_edinburgh_council""> City of Edinburgh Council </a>",Currie,,19,"Studio Flats:		0
1 Bedroom Flats:		19
2 Bedroom Flats:		0
3 Bedroom Flats:		0
4 Bedroom Flats:		0
5 Bedroom Flats:		0
Cottages:			0
1 Bedroom Bungalows:	0
2 Bedroom Bungalows:	0
",No,No,No,"55.89232836073798,-3.3228063583374023"
"Stuart Court","EH12 8UU","<a href="" http://www.edinburgh.gov.uk/directory_record/179341/cairn_housing_association""> Cairn Housing Association </a>","East Craigs","<a href="" http://www.cairnha.com/Upload/Documents/Stuart%20Court%20Leaflet.pdf""> Stuart Court </a>",54,"Studio Flats:		19
1 Bedroom Flats:		30
2 Bedroom Flats:		5
3 Bedroom Flats:		0
4 Bedroom Flats:		0
5 Bedroom Flats:		0
Cottages:			0
1 Bedroom Bungalows:	0
2 Bedroom Bungalows:	0
",No,Yes,Yes,"55.95025710655518,-3.302410840988159"
"Sunnyside Court, South Oswald Road","EH9 2HH","<a href="" http://www.edinburgh.gov.uk/directory_record/179345/hanover_scotland_housing_association""> Hanover (Scotland) Housing Association </a>",Newington,"<a href="" http://www.hsha.org.uk/Property%20Search/Pages/sunnyside-court-edinburgh.aspx ""> Sunnyside Court </a>",51,"Studio Flats:		24
1 Bedroom Flats:		26
2 Bedroom Flats:		1
3 Bedroom Flats:		0
4 Bedroom Flats:		0
5 Bedroom Flats:		0
Cottages:			0
1 Bedroom Bungalows:	0
2 Bedroom Bungalows:	0
",No,No,No,"55.928174319770996,-3.195669651031494"
"Sutherland Street","EH12 5HP","<a href="" http://www.edinburgh.gov.uk/directory_record/179348/manor_estates_housing_association""> Manor Estates Housing Association </a>",Roseburn,,41,"Studio Flats:		0
1 Bedroom Flats:		41
2 Bedroom Flats:		0
3 Bedroom Flats:		0
4 Bedroom Flats:		0
5 Bedroom Flats:		0
Cottages:			0
1 Bedroom Bungalows:	0
2 Bedroom Bungalows:	0
",No,No,No,"55.94436959434453,-3.226708173751831"
"The Quarries, Hyvot Mill Road","EH17 8FZ","<a href="" http://www.edinburgh.gov.uk/directory_record/179344/dunedin_canmore_housing""> Dunedin Canmore Housing </a>",Gilmerton,,58,"Studio Flats:		0
1 Bedroom Flats:		58
2 Bedroom Flats:		0
3 Bedroom Flats:		0
4 Bedroom Flats:		0
5 Bedroom Flats:		0
Cottages:			0
1 Bedroom Bungalows:	0
2 Bedroom Bungalows:	0
",No,No,No,"55.90518885038311,-3.140040636062622"
"Thomson's Court","EH1 2LJ","<a href="" http://www.edinburgh.gov.uk/directory_record/179346/hillcrest_housing_association""> Hillcrest Housing Association </a>","Old Town",,22,"Studio Flats:		0
1 Bedroom Flats:		18
2 Bedroom Flats:		4
3 Bedroom Flats:		0
4 Bedroom Flats:		0
5 Bedroom Flats:		0
Cottages:			0
1 Bedroom Bungalows:	0
2 Bedroom Bungalows:	0
",No,No,No,"55.94770996623692,-3.1960129737854004"
"Thorntree Street","EH6 8PU","<a href=""http://www.edinburgh.gov.uk/directory_record/179339/bield_housing_association""> Bield Housing Association </a>",Leith,"<a title=""Thorntree Street"" href=""http://www.bield.co.uk/9a69170ba9f4400caa79d85edec8a4c0?site=0770102c-09d2-4e82-8e3c-fcd8fb1e49a5"" target=""_top"">Bield Housing & Care: Thorntree Street</a>",12,"Studio Flats:		8
1 Bedroom Flats:		4
2 Bedroom Flats:		0
3 Bedroom Flats:		0
4 Bedroom Flats:		0
5 Bedroom Flats:		0
Cottages:			0
1 Bedroom Bungalows:	0
2 Bedroom Bungalows:	0
",No,No,No,"55.9678782460154,-3.1708860397338867"
"Tressilian Gardens","EH16 6BD","<a href="" http://www.edinburgh.gov.uk/directory_record/179348/manor_estates_housing_association""> Manor Estates Housing Association </a>",Gilmerton,,38,"Studio Flats:		0
1 Bedroom Flats:		37
2 Bedroom Flats:		1
3 Bedroom Flats:		0
4 Bedroom Flats:		0
5 Bedroom Flats:		0
Cottages:			0
1 Bedroom Bungalows:	0
2 Bedroom Bungalows:	0
",No,No,No,"55.91799697938881,-3.161144256591797"
"Veitch's Square","EH4 1HS","<a href="" http://www.edinburgh.gov.uk/directory_record/179345/hanover_scotland_housing_association""> Hanover (Scotland) Housing Association </a>",Stockbridge,"<a href="" http://www.hsha.org.uk/Property%20Search/Pages/veitchs-square-edinburgh.aspx ""> Veitch’s Square </a>",49,"Studio Flats:		0
1 Bedroom Flats:		48
2 Bedroom Flats:		1
3 Bedroom Flats:		0
4 Bedroom Flats:		0
5 Bedroom Flats:		0
Cottages:			0
1 Bedroom Bungalows:	0
2 Bedroom Bungalows:	0
",No,No,No,"55.95876237991392,-3.208651542663574"
"Wardieburn Drive","EH5 1BX","<a href=""http://www.edinburgh.gov.uk/directory_record/179340/city_of_edinburgh_council""> City of Edinburgh Council </a>",Wardie,,24,"Studio Flats:		0
1 Bedroom Flats:		24
2 Bedroom Flats:		0
3 Bedroom Flats:		0
4 Bedroom Flats:		0
5 Bedroom Flats:		0
Cottages:			0
1 Bedroom Bungalows:	0
2 Bedroom Bungalows:	0
",No,No,No,"55.97679386349016,-3.2238543033599854"
"Wesley Court","EH5 1LG","<a href="" http://www.edinburgh.gov.uk/directory_record/179350/methodist_housing_association""> Methodist Housing Association </a>",Granton,"<a href="" http://www.mha.org.uk/hs02.aspx ""> Wesley Court </a>",30,"Studio Flats:			0
1 Bedroom Flats:		23
2 Bedroom Flats:		6
3 Bedroom Flats:		1
4 Bedroom Flats:		0
5 Bedroom Flats:		0
Cottages:			0
1 Bedroom Bungalows:	0
2 Bedroom Bungalows:	0
",Yes,Yes,Yes,"55.97526304498902,-3.2370829582214355"
"West Adam Street","EH8 9SX","<a href="" http://www.edinburgh.gov.uk/directory_record/179343/castle_rock_edinvar""> Castle Rock Edinvar </a>",Southside,,22,"Studio Flats:			0
1 Bedroom Flats:		20
2 Bedroom Flats:		2
3 Bedroom Flats:		0
4 Bedroom Flats:		0
5 Bedroom Flats:		0
Cottages:			0
1 Bedroom Bungalows:	0
2 Bedroom Bungalows:	0
",No,Yes,No,"55.94715125503401,-3.1834280490875244"
"Willowbrae Road","EH8 7EZ","<a href=""http://www.edinburgh.gov.uk/directory_record/179340/city_of_edinburgh_council""> City of Edinburgh Council </a>",Northfield,,30,"Studio Flats:		0
1 Bedroom Flats:		8
2 Bedroom Flats:		2
3 Bedroom Flats:		0
4 Bedroom Flats:		0
5 Bedroom Flats:		0
Cottages:			22
1 Bedroom Bungalows:	0
2 Bedroom Bungalows:	0
",No,Yes,No,"55.953975390263246,-3.1471645832061768"
Woodthorpe,"EH13 0AA","<a href="" http://www.edinburgh.gov.uk/directory_record/179353/viewpoint_housing_association""> Viewpoint Housing Association </a>",Colinton,,169,"Studio Flats:		49
1 Bedroom Flats:		89
2 Bedroom Flats:		21
3 Bedroom Flats:		10
4 Bedroom Flats:		0
5 Bedroom Flats:		0
Cottages:			0
1 Bedroom Bungalows:	0
2 Bedroom Bungalows:	0
",Yes,Yes,No,"55.90712537419988,-3.2498931884765625"
