Street,"Premises Address","Permitted Table Area","Permit Start date","Permit End date","Permit Number","Council Ward","Ward Name"
"Advocates Close - Zizzi","Advocate's Close","43.60m2 and 13.70m2","Saturday, May 18, 2013","Saturday, May 17, 2014",550,11,
"Albert Place - Tailend Restaurant","14-15 Albert Place","2.4m x 1.0m","Monday, May 27, 2013","Tuesday, November 26, 2013",180,12,
"Albert Street - The Office","180 Albert Street","5.0m x 1.0m","Monday, April 01, 2013","Monday, September 30, 2013",342,12,
"Albert Street - Word of Mouth","3A Albert Street","4.0m x 1.0m","Saturday, April 20, 2013","Saturday, October 19, 2013",444,12,
"Antigua Street - Caf","13 Antigua Street","2.8m x 3.5m & 1.1m x 3.5m","Monday, April 01, 2013","Monday, September 30, 2013",325,11,
"Argyle Place - The Argyle Bar","15 - 17 Argyle Place","4.5m x 1.0m","Tuesday, April 23, 2013","Tuesday, October 22, 2013",56,10,
"Bath Street - The Beach House","57 Bath Street","12.0m x 1.0m","Friday, April 05, 2013","Friday, October 04, 2013",110,17,
"Bath Street - The Esplanade","62-64 Bath Street","9.0m x 1.0m (18/02/13-31/03/13 and 01/10/13-31/03/14)
9.0m x 1.0m & 9.0m x 1.0m - 01/04/13-30/09/13)","Monday, February 18, 2013","Monday, March 31, 2014",211,17,
"Baxter's Place - Taste of Italy","9 Baxter's Place","5.5m x 1.0m","Monday, April 01, 2013","Monday, September 30, 2013",377,11,
"Baxters Place - Planet Bar","6 Baxters Place","2.0m x 1.0m and 2.0m x 1.0m and 2.0m x 2.0m","Sunday, June 09, 2013","Sunday, June 08, 2014",22,11,
"Belford Road - Braw","54 Belford Road","2.0m x 2.0m","Friday, April 05, 2013","Friday, October 04, 2013",177,05,
"Bernard Street - Marmalade","23 Bernard Street","3.0m x 2.0m & 3.0m x 2.0m","Wednesday, May 29, 2013","Thursday, November 28, 2013",490,13,
"Bonnington Road - The Bonnington","284 Bonnington Road","6.2m x 1.5m","Monday, May 13, 2013","Tuesday, November 12, 2013",549,12,
"Bread Street - Monboddo Bar","34 Bread Street","7.0m x 2.5m","Monday, April 01, 2013","Monday, September 30, 2013",99,11,
"Bridge Road - Dantes Trattoria","48/50 Bridge Road","2.0m x 1.0m","Monday, April 01, 2013","Monday, September 30, 2013",331,08,
"Brighton Place - Baguette Express","3 Brighton Place","2.0m x 1.0m & 2.0m x 1.0m","Friday, April 19, 2013","Friday, October 18, 2013",383,17,
"Broughton Street - Bakehouse Co.","32 Broughton Street","3.0m x 1.2m","Friday, April 26, 2013","Friday, April 25, 2014",148,11,
"Broughton Street - Cask and Barrel","115 Broughton Street","10.0m x 1.0m","Monday, April 01, 2013","Monday, September 30, 2013",384,11,
"Brougton Place - The Olive Branch","2 Broughton Place","8.1m x 1.5m","Monday, April 01, 2013","Monday, September 30, 2013",45,11,
"Bruntsfield Place - Caf","182/4 Bruntsfield Place","8.0m x 1.0m","Monday, April 01, 2013","Monday, March 31, 2014",80,10,
"Bruntsfield Place - Falko Konditormeister","185 Bruntsfield Place","6.0m x 1.5m","Monday, April 01, 2013","Monday, September 30, 2013",229,10,
"Bruntsfield Place - Inca Restaurant","183 Bruntsfield Place","1.5m x 1.9m","Saturday, June 08, 2013","Saturday, June 07, 2014",94,10,
"Bruntsfield Place - La Barantine","202 Bruntsfield Place","2.0m x 1.0m","Monday, April 01, 2013","Monday, September 30, 2013",7,10,
"Bruntsfield Place - Montpeliers","159a-161 Bruntsfield Place","1.9m x 1.0m & 4.1m x 1.0m","Monday, April 01, 2013","Monday, March 31, 2014",418,10,
"Bruntsfield Place - Project Coffee","192-194 Bruntsfield Place","1.7m x 0.9m and 2.8m x 0.9m","Monday, April 01, 2013","Monday, September 30, 2013",318,10,
"Bruntsfield Place - The Chocolate Tree","123 Bruntsfield Place","1.0m x 1.5m & 2.0m x 1.5m","Saturday, April 20, 2013","Saturday, October 19, 2013",275,10,
"Bruntsfield Place - Tony Macaroni Alla Romana","208 Bruntsfield Place","5.0m x 3.3m","Thursday, June 20, 2013","Thursday, June 19, 2014",336,10,
"Candlemaker Row - Greyfriars Bobby","30 Candlemaker Row","4.5m x 1.2m & 4.5m x 1.2m","Monday, April 01, 2013","Monday, March 31, 2014",437,11,
"Candlemaker Row - The Oz Bar","22 Candlemaker Row","7.0m x 1.0m","Wednesday, April 24, 2013","Wednesday, October 23, 2013",208,11,
"Canongate - Kilderkin","65/67 Canongate","7.3m x 1.4m","Tuesday, May 21, 2013","Wednesday, November 20, 2013",114,11,
"Canongate - Sugarhouse Sandwiches","158 Canongate","3.0m x 1.0m","Monday, April 01, 2013","Monday, September 30, 2013",270,11,
"Castle Street - Costa Coffee","13A Castle Street","3.8m x 2.0m","Tuesday, October 02, 2012","Tuesday, October 01, 2013",220,11,
"Castle Street - Pret A Manger","25 Castle Street","4.5m x 2.0m","Monday, April 01, 2013","Monday, March 31, 2014",150,11,
"Castle Street - Strada","15 Castle Street","5.5m x 2.0m","Saturday, April 20, 2013","Saturday, April 19, 2014",374,11,
"Causewayside - Old Bell Inn","233 Causewayside","9.0m x 1.0m","Monday, April 01, 2013","Monday, September 30, 2013",363,15,
"Charlotte Lane - SYGN","15 Charlotte Lane","6.0m x 0.8m","Friday, March 01, 2013","Monday, September 30, 2013",25,11,
"Clerk Street - Tanjore South Indian Restaurant","6-8 Clerk Street","3.0m x 1.0m","Saturday, June 01, 2013","Saturday, November 30, 2013",212,15,
"Cockburn Street - Dellos Kitchen","63 Cockburn Street","3m x 2m","Friday, June 07, 2013","Friday, June 06, 2014",519,11,
"Cockburn Street - Malt Shovel","11-15 Cockburn Street","7.0m x 1.5m and 7.0m x 1.5m and 5.0m x 1.5m","Monday, April 01, 2013","Monday, March 31, 2014",356,11,
"Cockburn Street - Southern Cross Caf","63a Cockburn Street","3.0m x 2.0m  & 2.0m x 1.4m","Monday, April 01, 2013","Monday, September 30, 2013",63,11,
"Cockburn Street - Viva Mexico","41 Cockburn Street","2.5m x 1.5m","Wednesday, May 08, 2013","Thursday, November 07, 2013",281,11,
"Comiston Road - Morningside  Glory","115 Comiston Road","8.0m x 1.5m and 2.0m x 1.5m","Friday, April 05, 2013","Friday, October 04, 2013",217,10,
"Constitution Street - Nobles","44a Constitution Street","4.0m x 1.0m","Friday, May 03, 2013","Saturday, November 02, 2013",113,13,
"Constitution Street - Port of Leith Bar","58 Constitution Street","1.8m x 1.7m & 2.0m x 1.7m","Monday, April 01, 2013","Monday, March 31, 2014",392,13,
"Cowgatehead - Bar Salsa","3 Cowgatehead","4.0m x 1.35m","Friday, April 05, 2013","Friday, April 04, 2014",209,11,
"Crighton Place - Gaia","32 Crighton Place","2.5m x 1.7m","Monday, April 01, 2013","Monday, March 31, 2014",268,12,
"Croall Place - Caf","9 Croall Place","3.0m x 0.6m","Wednesday, May 15, 2013","Saturday, November 16, 2013",143,12,
"Dalry Road - The Clock Caf","125 Dalry Road","3.0m x 2.0m","Monday, March 04, 2013","Tuesday, September 03, 2013",253,07,
"Deanhaugh Street - Peters Yard","3 Deanhaugh Street","4.0m x 1.0m","Tuesday, August 14, 2012","Tuesday, August 13, 2013",537,05,
"Deanhaugh Street - Pizza Express","1 Deanhaugh Street","10.0 x 2.0mx","Friday, March 01, 2013","Friday, February 28, 2014",543,05,
"Drummond Street - Brass Monkey","14 Drummond Street","3.1m x 1.26m","Monday, April 01, 2013","Monday, September 30, 2013",366,15,
"Dundee Street - The Fountain","131 Dundee Street","4.3m x 1.0m","Wednesday, May 29, 2013","Wednesday, May 28, 2014",516,11,
"East Claremont Street - Elbow Bar and Kitchen","133-135 East Claremont Street","2.85m x 1.2m & 2.62m x 1.2m","Monday, April 01, 2013","Monday, September 30, 2013",175,12,
"East London Street - Locanda Di Gusti","7,9 &11 East London Street","7.85m x 1.80m","Monday, April 01, 2013","Monday, September 30, 2013",6,11,
"Easter Road - Four in Hand","216-218 Easter Road","5.0m x 2.5m","Monday, April 01, 2013","Monday, September 30, 2013",393,12,
"Easter Road - Iona Bar","203 Easter Road","1.0m x 1.0m & 1.0m x 1.0m","Wednesday, May 15, 2013","Thursday, November 14, 2013",299,12,
"Easter Road - Mash Tun","154 - 158 Easter Road","1.76m x 1.5m and 8.55m x 1.5m","Wednesday, April 10, 2013","Wednesday, October 09, 2013",469,12,
"Easter Road - The Manna House /Cornelius Beer and Wine","22-24 Easter Road","4.0m x 0.75m","Saturday, June 01, 2013","Saturday, November 30, 2013",527,12,
"Elm Row - Elm Rose","3 Elm Row","2.5m x 1.5m","Wednesday, April 10, 2013","Wednesday, October 09, 2013",279,12,
"Elm Row - Elm Rose","3 Elm Row","2.5m x 1.5m","Monday, April 01, 2013","Monday, September 30, 2013",279,12,
"Elm Row - Joseph Pearces","23 Elm Row","4.2m x 1.5m & 4.2m x 2.0m & 3.9m x 3.3m","Monday, April 01, 2013","Monday, September 30, 2013",88,12,
"Elm Row - Windsor Buffet","45 Elm Row","6.0m x 1.9m","Wednesday, May 01, 2013","Thursday, October 31, 2013",230,12,
"Ferry Road - Oceana","145 Ferry Road","8.0m x 2.0m","Monday, April 01, 2013","Monday, September 30, 2013",125,12,
"Figgate Lane - Nobles Amusements","47-49 Figgate Lane","3.0m x 1.0m and 2.0m x 1.0m","Monday, April 01, 2013","Monday, March 31, 2014",544,17,
"Forrest Road - Doctors","32 Forrest Road","12.0m x 1.5m","Monday, April 01, 2013","Monday, March 31, 2014",354,15,
"Forrest Road - Frisky Frozen Yogurt","13 Forrest Road","1.0m x 1.0m and 1.0m x 1.0m","Friday, August 03, 2012","Friday, August 02, 2013",536,11,
"Forrest Road - Malones Irish Bar","14 Forrest Road","2.8m x 1.5m and 2.8m x 1.0m","Friday, February 08, 2013","Friday, February 07, 2014",50,11,
"Forrest Road - Subway","11 Forrest Road","2.6m x 1.0m","Monday, April 01, 2013","Monday, September 30, 2013",499,11,
"Forrest Road - Union of Genius","8 Forrest Road","2.0m x 1.0m","Monday, April 01, 2013","Monday, September 30, 2013",513,11,
"Frederick Street - Amicus Apple","17 Frederick Street","4.85m x 1.5m & 1.65m x 1.5m","Saturday, August 11, 2012","Saturday, August 10, 2013",466,11,
"Frederick Street - Ricks","55a Frederick Street","4.0m x 1.8m, 2.0m x 1.8m, 2.0m x 1.8m","Monday, April 01, 2013","Monday, March 31, 2014",419,11,
"Frederick Street - The Queens Arms","49 Frederick Street","3.24m x 2.58m","Monday, April 01, 2013","Monday, March 31, 2014",424,11,
"George IV Bridge - Bar Kohl","54-55 George IV Bridge","8.2m x 1.0m","Monday, April 01, 2013","Monday, September 30, 2013",266,11,
"George IV Bridge - Caf","27 George IV Bridge","3.0m x 0.80m","Thursday, June 27, 2013","Thursday, June 26, 2014",525,11,
"George IV Bridge - Frankensteins","26 George IV Bridge","12.0m x 1.5m","Monday, April 01, 2013","Monday, March 31, 2014",480,11,
"George IV Bridge - Pizza Paradiso","34 George IV Bridge","5.0m x 1.0m","Thursday, May 09, 2013","Friday, November 08, 2013",482,11,
"George IV Bridge - Villager","49-50 George IV Bridge","4.5m x 1.0m and 4.9m x 1.0m","Monday, April 01, 2013","Monday, March 31, 2014",158,11,
"George IV Bridge - Vittoria ","19 George IV Bridge","1.0m x 5.0m & 1.0m x 3.0m","Monday, April 01, 2013","Monday, September 30, 2013",479,11,
"George Street - All Bar One","29-31 George Street","2.5m x 1.5m & 2.7m x 1.5m","Monday, April 01, 2013","Monday, March 31, 2014",434,11,
"George Street - Browns","131/133 George Street","5.0m x 2.0m and 4.0m x 2.0m","Monday, April 01, 2013","Monday, March 31, 2014",15,11,
"George Street - Caf","77B George Street","2.4m x 1.4m and 2.4m x 2.0m","Tuesday, September 25, 2012","Tuesday, September 24, 2013",203,11,
"George Street - Candy Bar","113-115 George Street","5.3m x 1.6m & 1.4m x 1.6m","Monday, April 01, 2013","Monday, March 31, 2014",420,11,
"George Street - Centotre","103 George Street","12.35m x 1.5m and 1.22m x 2.0m","Monday, April 01, 2013","Monday, March 31, 2014",402,11,
"George Street - Costa Coffee","83 George Street","4.0m x 1.0m and 4.0m x 1.0m","Friday, October 26, 2012","Friday, October 25, 2013",259,11,
"George Street - Gourmet Burger Kitchen","137 George Street","3.5m x 2.0m","Monday, April 01, 2013","Monday, March 31, 2014",122,11,
"George Street - Gusto Restaurant","135 George Street","6.3m x 1.85m","Monday, April 01, 2013","Monday, March 31, 2014",452,11,
"George Street - Le Monde","16 George Street","4.8m x 1.5m & 3.2m x 1.5m","Monday, April 01, 2013","Monday, March 31, 2014",435,11,
"George Street - Starbucks Coffee","106 George Street","6.8m x 1.4m and 4.8m x 1.4m","Monday, April 01, 2013","Monday, March 31, 2014",151,11,
"George Street - The Alexander Graham Bell","126-128 George Street","6.4m x 2.0m & 2.4m x 2.0m","Monday, April 01, 2013","Monday, March 31, 2014",380,11,
"George Street - The Living Room","113 - 115 George Street","1.5m x 5.1m and 1.5m x 5.1m","Monday, October 01, 2012","Monday, September 30, 2013",329,11,
"George Street - The Standing Order","62-66 George Street","6.0m x 1.5m and 6.0m x 1.2m","Monday, April 01, 2013","Monday, March 31, 2014",5,11,
"George Street - Tigerlily","125 George Street","7.8m x 1.5m","Monday, April 01, 2013","Monday, March 31, 2014",438,11,
"George Street - Wellington Coffee","33a George Street","8.0m x 0.5m","Monday, April 01, 2013","Monday, September 30, 2013",164,11,
"Gillespie Place - Harajuku Kitchen","10 Gillespie Place","3.6m x 1.4m","Thursday, May 23, 2013","Friday, November 22, 2013",41,10,
"Grassmarket - Apex City Hotel","61 Grassmarket","4.0m x 2.0m","Monday, April 01, 2013","Monday, September 30, 2013",219,11,
"Grassmarket - Apex International Hotel","31-35 Grassmarket","15.0m x 1.0m","Monday, April 01, 2013","Monday, September 30, 2013",213,11,
"Grassmarket - Beehive","18/20 Grassmarket","5.9m x 3.0m and 4.6m x 3.0m and 4.3m x 3.0m","Monday, April 01, 2013","Monday, March 31, 2014",352,11,
"Grassmarket - Biddy Mulligans","94-96 Grassmarket","4.0m x 2.0m and 7.0m x 2.0m","Monday, April 01, 2013","Monday, March 31, 2014",24,11,
"Grassmarket - Biddy Mulligans (Central Grass)","94-96 Grassmarket",48m2,"Monday, April 01, 2013","Monday, September 30, 2013",225,11,
"Grassmarket - Caf","10 Grassmarket","4.0m x 2.0m","Monday, April 01, 2013","Monday, March 31, 2014",61,11,
"Grassmarket - Fiddlers Arms","9-11 Grassmarket","2.4m x 2.0m & 1.6m x 2.0m","Wednesday, August 08, 2012","Wednesday, August 07, 2013",166,11,
"Grassmarket - Grassmarket Hotel","94-96 Grassmarket","2.30m x 6.80m","Friday, May 03, 2013","Friday, May 02, 2014",548,11,
"Grassmarket - Maggie Dicksons","92 Grassmarket","5.4m x 2.5m","Monday, April 01, 2013","Monday, March 31, 2014",23,11,
"Grassmarket - Maggie Dicksons (Central Grass)","90 Grassmarket",50m2,"Monday, April 01, 2013","Monday, September 30, 2013",231,11,
"Grassmarket - Maggie Dicksons (Central Grass)","90 Grassmarket",50m2,"Monday, April 01, 2013","Monday, September 30, 2013",231,11,
"Grassmarket - Mammas Pizza Co Ltd","30 Grassmarket","5.6m x 1.8m and 1.0m x 3.0m","Monday, April 01, 2013","Monday, March 31, 2014",44,11,
"Grassmarket - Mammas Pizza Co. Ltd (Grass)","30 Grassmarket",35m2,"Friday, March 15, 2013","Sunday, September 15, 2013",188,11,
"Grassmarket - Petit Paris","38-40 Grassmarket","4.8m x 3.0m & 3.2m x 3.0m","Monday, April 01, 2013","Monday, March 31, 2014",386,11,
"Grassmarket - Ristorante Gennaro","60 & 64 Grassmarket","(60) 2.5m x 1.5m & 2.5m x 1.6m; (64) 2.5m x 2.2m & 2.5m x 2.2m and from October to March- 2.0m x 1.0m for no 64 and 2.0m x 1.0m for no 60","Monday, April 01, 2013","Monday, March 31, 2014",36,11,
"Grassmarket - The Black Bull","12 Grassmarket","3.2m x 2.0m & 3.2m x 2.0m","Monday, April 01, 2013","Monday, March 31, 2014",350,11,
"Grassmarket - The Last Drop","74-78 Grassmarket","4.0m x 2.5m & 4.1m x 3.1m","Monday, April 01, 2013","Monday, March 31, 2014",28,11,
"Grassmarket - The White Hart Inn","34 Grassmarket","6.9m x 3.0m","Monday, April 01, 2013","Monday, March 31, 2014",33,11,
"Grassmarket - The White Hart Inn (Central Grass)","34 Grassmarket",35m2,"Monday, March 18, 2013","Sunday, September 29, 2013",198,11,
"Greenside Place - Caf","22 Greenside Place","2.4m x 2.0m and 2.4m x 2.0m","Thursday, June 20, 2013","Thursday, December 19, 2013",39,11,
"Greenside Place - CC Blooms","23/24 Greenside Place","6.0m x 3.0m","Wednesday, April 10, 2013","Wednesday, October 09, 2013",433,11,
"Greenside Place - Theatre Royal","24-27 Greenside Place","5.75m x 3.0m","Monday, April 01, 2013","Monday, March 31, 2014",362,11,
"Hanover Street - Bar Napoli","75 Hanover Street","2.5m x 1.5m & 2.1m x 1.6m","Monday, April 01, 2013","Monday, March 31, 2014",294,11,
"Hanover Street - Cacio Pepe","87 Hanover Street","1.5m x 1.5m and 1.3m x 1.5m","Monday, April 01, 2013","Monday, March 31, 2014",400,11,
"Hanover Street - Jekyll and Hyde","112 Hanover Street","3.4m x 1.7m","Monday, April 01, 2013","Monday, September 30, 2013",379,11,
"Hanover Street - La Lanterna","83 Hanover Street","2.2m x 1.6m","Monday, April 01, 2013","Monday, September 30, 2013",257,11,
"Hanover Street - Milnes Bar","35 Hanover Street","7.70m x 2.0m","Monday, April 01, 2013","Monday, March 31, 2014",427,11,
"Henderson Street - Sofis","63-65 Henderson Street","4.25m x 1.15m","Monday, April 01, 2013","Monday, September 30, 2013",453,13,
"High Riggs - Two Thin Laddies","103 High Riggs","4.8m x 5.0m","Monday, May 20, 2013","Tuesday, November 19, 2013",179,11,
"High Street - Albanach","197 High Street","3.54m x 1.6m and 2.45m x 1.6m","Monday, April 01, 2013","Monday, March 31, 2014",432,11,
"High Street - Bay of Bengal","164 High Street","3.8m x 2.0m","Friday, June 14, 2013","Friday, June 13, 2014",119,11,
"High Street - Caf","1 Parliament Square","9.8m x 1.5m","Wednesday, April 10, 2013","Wednesday, April 09, 2014",501,11,
"High Street - Caf","36-38 High Street","3.0m x 1.5m and 2.0m x 1.5m","Sunday, May 26, 2013","Sunday, May 25, 2014",333,11,
"High Street - Filling Station 2#","235-241 High Street","5.78m x 2.0m","Monday, April 01, 2013","Monday, March 31, 2014",66,11,
"High Street - Garfunkels","130 High Street","4.39m x 2.5m","Monday, April 01, 2013","Monday, March 31, 2014",106,11,
"High Street - Garfunkels Coffee Shop","144 High Street","5.0m x 1.8m","Thursday, January 17, 2013","Thursday, January 16, 2014",493,11,
"High Street - Gordons Trattoria","231 High Street","6.0m x 4.0m","Monday, April 01, 2013","Monday, March 31, 2014",398,11,
"High Street - Queens Spice","1 High Street","1.0m x 1.0m","Thursday, June 06, 2013","Thursday, June 05, 2014",162,11,
"High Street - Radisson Blu Hotel Edinburgh","80 High Street","5.15m x 2.10m","Monday, April 01, 2013","Monday, September 30, 2013",358,11,
"High Street - Rocco Restaurant","192a High Street","5.7m x 2.7m","Monday, April 01, 2013","Monday, September 30, 2013",169,11,
"High Street - Royal Mile Tavern","127 High Street","1.6m x 2.0m and 1.6m x 2.0m","Monday, April 01, 2013","Monday, March 31, 2014",153,11,
"High Street - Starbucks Coffee","124 High Street","3.2mx1.8m, 4.5m x 1.8m, 1.8m x 12.0m","Monday, April 01, 2013","Monday, March 31, 2014",46,11,
"High Street - Subway 1#","160 High Street","3.8m x 3.0m","Monday, May 06, 2013","Saturday, April 05, 2014",483,11,
"High Street - The Clam Shell","148 High Street","1.6m x 1.63m","Monday, April 01, 2013","Monday, March 31, 2014",135,11,
"High Street - The Mitre","133/135 High Street","3.3m x 1.6m & 3.3m x 1.6m","Monday, April 01, 2013","Monday, March 31, 2014",30,11,
"High Street - The Rabbie Burns","103 High Street","2.0m x 2.16m & 2.0m x 2.30m","Monday, April 01, 2013","Monday, March 31, 2014",227,11,
"High Street - The Royal McGregor","154 High Street","3.0m x 6.0m","Thursday, May 09, 2013","Thursday, May 08, 2014",408,11,
"High Street - Whiski","119 High Street","3.0m x 2.0m","Monday, April 01, 2013","Monday, March 31, 2014",69,11,
"Hillhouse Road - The Suburban Pantry","12 Hillhouse Road","3.9m x 1.5m and 2.0m x 1.5m","Tuesday, May 28, 2013","Wednesday, November 27, 2013",486,05,
"Holyrood Road - Foodies At Holyrood","67 Holyrood Road","5.0m x 1.5m & 5.0m x 1.5m","Friday, August 17, 2012","Friday, August 16, 2013",102,11,
"Holyrood Road - Hemma","75 Holyrood Road","1.65m x 5.0m and 1.9m x 15.0m and 1.65m x 5.0m","Monday, April 01, 2013","Monday, September 30, 2013",522,11,
"Hope Street - Caffe Nero (House of Fraser)","House of Fraser","7.0m x 1.5m","Monday, April 01, 2013","Monday, March 31, 2014",371,11,
"Hope Street - Hudson Hotel","7-11 Hope Street","5.5m x 1.8m and 5.85m x 1.8m","Monday, April 01, 2013","Monday, March 31, 2014",12,11,
"Hope Street - Ryans Bar","2 Hope Street","2.6m x 1.8m and 16.5m x 1.5m","Monday, April 01, 2013","Monday, March 31, 2014",360,11,
"Howard Place - The Orchard","1/2 Howard Place","10m x 1.0m","Tuesday, May 07, 2013","Wednesday, November 06, 2013",72,05,
"Hunter Square - Nonna Lucia","5 Hunter Square","3.5m x 1.5m & 3.5m x 2.5m - April-September
1.0m x 1.0m- October -March","Monday, April 01, 2013","Monday, March 31, 2014",49,11,
"Hunter Square - Royal Spice","3 Hunter Square","3.5m x 2.5m and 3.5m x 2.0m","Friday, June 07, 2013","Friday, September 06, 2013",117,11,
"James Court - Castle Caf","2 James Court","3.0m x 3.0m","Friday, May 10, 2013","Saturday, November 09, 2013",540,11,
"Johnston Terrace - Hanams Restaurant","3 Johnston Terrace","1.5mx 1.2m and 1.5m x 1.2m and 4.0m x 1.2m, 6.0m x 1.2m","Monday, April 01, 2013","Monday, March 31, 2014",98,11,
"Johnston Terrace - Maxies Bistro","5B Johnston Terrace","4.2m x 1.2m & 0.9m x 1.2m &4.0m x 1.2m &4.0m x 1.2m and 7.0m x 1.2m (6 months)","Tuesday, June 25, 2013","Tuesday, June 24, 2014",405,11,
"Johnston Terrace - The Castle Arms (Victoria Terrace)","Victoria Terrace","7.0m x 1.2m & 2.0m x 1.0m","Monday, April 01, 2013","Monday, March 31, 2014",311,11,
"Lawnmarket - Deacon Brodies Tavern","435 Lawnmarket","2.8m x 1.0m & 2.7m x 1.2m","Monday, April 01, 2013","Monday, March 31, 2014",280,11,
"Lawnmarket - Deacons House Caf","3 Brodies Close","8.0m x 9.0m and 2.3m x 1.7m","Monday, October 01, 2012","Monday, September 30, 2013",322,11,
"Leith Street - Deli Fresco","41 Leith Street","2.3m x 1.0m & 2.3m x 1.0m","Monday, April 01, 2013","Monday, March 31, 2014",130,11,
"Leith Walk - Boda Bar","229 Leith Walk","3.3m x 2.0m","Monday, April 01, 2013","Monday, September 30, 2013",426,12,
"Leith Walk - Caf","373-375 Leith Walk","1.5m x 2.5m","Thursday, June 27, 2013","Thursday, December 26, 2013",487,12,
"Leith Walk - Punjabn De Rasoi","122-124 Leith Walk","1.5m x 1.5m","Monday, April 01, 2013","Monday, September 30, 2013",488,12,
"Leith Walk - Qupi","171 Leith Walk","1.5m x 1.4m & 1.4m x 1.4m","Monday, April 01, 2013","Monday, September 30, 2013",448,12,
"Leith Walk - Robbie","367 Leith Walk","7.0m x 1.3m","Monday, April 01, 2013","Monday, September 30, 2013",359,12,
"Leith Walk - The Harp & Castle","298-300 Leith Walk","7.0m x 1.0m","Monday, April 01, 2013","Monday, September 30, 2013",138,12,
"Leith Walk - Victoria","265 Leith Walk","5.5m x 2.5m","Monday, April 01, 2013","Monday, September 30, 2013",295,12,
"Leven Street - Bennet's Bar","8 Leven Street","4.2m x 1.5m and 4.6m x 1.5m","Friday, April 05, 2013","Friday, October 04, 2013",547,10,
"Logie Green Road - Crumbs Caf","1A Logie Green Road","2.5m x 1.5m","Thursday, May 09, 2013","Friday, November 08, 2013",247,12,
"London Road - Cherrys Caf","45-46 London Road","4.0m x 1.0m","Monday, April 01, 2013","Monday, September 30, 2013",546,12,
"Lothian Road - Bar Frizzante","95 Lothian Road","3.1m x 1.9m","Monday, April 01, 2013","Monday, March 31, 2014",74,11,
"Lothian Road - Red Squirrel","21 Lothian Road","3.2m x 1.5m and 2.6m x 1.5m","Friday, May 03, 2013","Saturday, November 02, 2013",263,11,
"Lothian Road - Shakespeare","65 Lothian Road","7.0m x 4.0m","Monday, April 01, 2013","Monday, September 30, 2013",416,11,
"Lothian Road - The Hanging Bat","133-135 Lothian Road","3.18m x 1.0m","Friday, November 16, 2012","Friday, November 15, 2013",461,11,
"Lothian Street - Bristo Bar and Kitchen","41 Lothian Street","2.45m x 2.8m and 6.0m x 2.8m","Monday, April 01, 2013","Monday, March 31, 2014",417,11,
"Lothian Street - The Breakfast Club","45-47 Lothian Street","11.0m x 2.6m","Monday, April 01, 2013","Monday, March 31, 2014",365,11,
"Main Street, Balerno - Grey Horse Inn (Balerno)","20 Main Street","3.0m x 1.5m","Wednesday, April 10, 2013","Wednesday, October 09, 2013",308,02,
"Main Street, Balerno - The Malleny Arms","15 Main Street","5.50m x 2.0m","Saturday, June 29, 2013","Saturday, June 28, 2014",346,02,
"Marchmont Crescent - Caf","94-96 Marchmont Crescent","1.2m x 5.0m","Friday, June 14, 2013","Friday, December 13, 2013",170,10,
"Marchmont Crescent - Earl of Marchmont","22 Marchmont Crescent","5.5m x 1.5m & 2.5m x 1.0m","Monday, April 01, 2013","Monday, September 30, 2013",385,10,
"Marchmont Crescent - The Pastures","24 Marchmont Crescent","2.5m x 1.5m","Monday, April 01, 2013","Monday, September 30, 2013",269,10,
"Marchmont Road - Marchmont Take Away","98 Marchmont Road","1.78 m x1.20m","Wednesday, October 10, 2012","Wednesday, October 09, 2013",500,10,
"Marchmont Road - Toast","146 Marchmont Road","2.5m x 1.8m","Tuesday, May 21, 2013","Tuesday, May 20, 2014",202,10,
"Marshall Street - Beirut Restaurant","14 Marshall Street","4.0m x 2.0m","Monday, April 01, 2013","Monday, September 30, 2013",317,15,
"Melville Place - The Westroom","3 Melville Place","1.8m x 2.5m","Friday, March 01, 2013","Monday, September 30, 2013",58,11,
"Melville Terrace - Victor Hugo","26 Melville Terrace","8.0m x 1.5m & 8.0m x 1.5m","Tuesday, April 09, 2013","Tuesday, October 08, 2013",328,15,
"Middle Meadow Walk - Tupiniquim","Top of Middle Meadow Walk","2.5m x 2.0m & 4.0m x 1.0m","Saturday, June 01, 2013","Monday, September 30, 2013",316,10,
"Montagu Terrace - Caf","12 Montagu Terrace","1.3m x 1.5m & 1.3m x 1.5m","Tuesday, April 16, 2013","Tuesday, October 15, 2013",305,05,
"Montagu Terrace - Caf","12a Montagu Terrace","1.80m x 1.10m","Sunday, February 03, 2013","Friday, August 02, 2013",492,05,
"Montgomery Street - Renroc Caf","89-91 Montgomery Street","2.0 m x 3.5m","Monday, May 27, 2013","Tuesday, November 26, 2013",341,12,
"Montrose Terrace - Just the ticket","1 Montrose Terrace","2.3m x 0.65m","Saturday, May 25, 2013","Sunday, November 24, 2013",509,11,
"Morningside Road - Blackwood Coffee","235 Morningside Road","3.4m x 0.55","Monday, April 01, 2013","Monday, September 30, 2013",337,10,
"Morningside Road - Caff","177 Morningside Road","13.0m x 1.5m","Monday, April 01, 2013","Monday, March 31, 2014",313,10,
"Morningside Road - Caffe E Cucina","370-372 Morningside Rd","6.9m x 2.5m","Monday, April 01, 2013","Monday, September 30, 2013",144,10,
"Morningside Road - Henris Fine Food and Wine","376 Morningside Road","5.0m x 2.0m","Monday, April 01, 2013","Monday, September 30, 2013",343,10,
"Morrison Street - Milk","232 Morrison Street","3.0m x 1.0m","Monday, April 01, 2013","Monday, September 30, 2013",370,11,
"Morrison Street - Thomsons Bar","182-184 Morrison Street","3.0m x 1.0m","Monday, April 01, 2013","Monday, September 30, 2013",272,11,
"Murrayfield Place - Caf","8 Murrayfield Place","2.5m x 1.2m","Monday, April 01, 2013","Monday, September 30, 2013",521,06,
"Nicolson Street - Beanscene","99 Nicolson Street","14.0m x 1.0m","Saturday, January 26, 2013","Thursday, July 25, 2013",491,15,
"Nicolson Street - Black Medicine Coffee Company 1","2 Nicolson Street","3.0m x 1.0m","Thursday, May 09, 2013","Friday, November 08, 2013",53,15,
"Nicolson Street - Caf","119 Nicolson Street","2.0m x 1.0m","Wednesday, May 01, 2013","Thursday, October 31, 2013",306,15,
"Nicolson Street - Kilimanjaro Coffee","104 Nicolson Street","3.4m x 0.9m","Monday, April 01, 2013","Monday, March 31, 2014",60,15,
"North Bank Street - Porto & Fi on The Mound","9 North Bank Street","7.0m x 3.5m","Monday, April 01, 2013","Monday, September 30, 2013",368,11,
"North Bank Street - The Wash Bar","11-13 North Bank Street","1.60m x 1.50m","Monday, May 06, 2013","Monday, May 05, 2014",100,11,
"North Bank Street - Whiski Rooms","4-7 North Bank Street","5.6m x 1.0m","Monday, April 01, 2013","Monday, March 31, 2014",324,11,
"North Bridge - Bella Italia","54-56 North Bridge","5.0m x 2.2m & 1.2m x 2.2m","Monday, April 01, 2013","Monday, March 31, 2014",431,11,
"North West Circus Place - Caf","14-16 North West Circus Place","7.1m x 1.5m","Monday, April 01, 2013","Monday, September 30, 2013",87,05,
"Northfield Broadway - The Broadfield Public House","96 Northfield Broadway","2.0m x 2.0m and 2.0m x 2.0m","Friday, June 07, 2013","Friday, December 06, 2013",136,14,
"Picardy Place - Fiddlers Elbow","4 Picardy Place","2.7m x 1.3m","Tuesday, May 21, 2013","Wednesday, November 20, 2013",120,11,
"Picardy Place - The Street","2 Picardy Place","2.7m x 2.1m","Monday, April 01, 2013","Monday, March 31, 2014",391,11,
"Pleasance - Breakfast, Brunch and Lunch","65 Pleasance","1.0m x 1.5m and 2.5m x 1.5m","Monday, April 01, 2013","Monday, March 31, 2014",511,15,
"Polwarth Crescent - The Polwarth Tavern","35 Polwarth Crescent","3.0m x 1.5m","Monday, April 01, 2013","Monday, September 30, 2013",283,09,
"Portobello High Street - Deli 194","194 Portobello High Street","2.65m x 2.0m","Monday, April 01, 2013","Monday, September 30, 2013",378,17,
"Portobello High Street - Popeyes Sandwich Bar","132 Portobello High Street","4.5m x 1.5m","Wednesday, May 01, 2013","Thursday, October 31, 2013",286,17,
"Princes Street - BHS Ltd","64 Princes Street","8.0m x 2.0m","Monday, April 01, 2013","Monday, September 30, 2013",467,11,
"Queensferry Street - Mathers Bar","1 Queensferry Street","6.0m x 1.1m","Thursday, February 21, 2013","Thursday, February 20, 2014",425,11,
"Queensferry Street - Quatro Zero","40-41 Queensferry Street","2.0m x 1.0m","Monday, April 01, 2013","Monday, March 31, 2014",545,11,
"Raeburn Place - Caf","96 Raeburn Place","2.22m x 1.0m","Tuesday, June 18, 2013","Tuesday, June 17, 2014",301,05,
"Rose Stree - Miros Cantina","184 Rose Street","4.5m x 3.5m","Monday, April 01, 2013","Monday, September 30, 2013",84,11,
"Rose Street - 1780 Restaurant","167 Rose Street","5.35m x 3.5m (1/4/12 to 30/9/12)
5.35m x 1.5m (1/10/12 to 31/3/13)","Monday, April 01, 2013","Monday, March 31, 2014",68,11,
"Rose Street - Baguette Express","93 Rose Street","2.5m x 1.5m","Saturday, December 01, 2012","Saturday, November 30, 2013",288,11,
"Rose Street - Black Cat","168 Rose Street","3.5m x 2.0m & 5.0m x 2.0m","Saturday, April 13, 2013","Saturday, October 12, 2013",206,11,
"Rose Street - Dirty Dicks","159 Rose Street","4.6m x 3.0m (April-September)
4.6m x 1.5m (October-March)","Monday, April 01, 2013","Monday, March 31, 2014",67,11,
"Rose Street - Element","110-114 Rose Street","5.7m x 2.5m","Monday, April 01, 2013","Monday, March 31, 2014",351,11,
"Rose Street - Filling Station","66 Rose Street","8.1m x 1.4m","Thursday, January 24, 2013","Thursday, January 23, 2014",178,11,
"Rose Street - Gordon Arms","133 Rose Street","2.0m x 2.55m","Thursday, July 11, 2013","Thursday, July 10, 2014",29,11,
"Rose Street - Gourmet Grubb","71 Rose Street","5.0m x 1.5m","Monday, April 01, 2013","Monday, September 30, 2013",235,11,
"Rose Street - Patisserie Valerie","158-162 Rose Street","5.75m x 2.0m","Saturday, March 30, 2013","Sunday, September 29, 2013",529,11,
"Rose Street - Robertsons 37 Bar","37 Rose Street","2.7m x 2.0m","Monday, April 01, 2013","Monday, March 31, 2014",423,11,
"Rose Street - Robertsons 37 Bar","37 Rose Street","2.7m x 2.0m","Monday, April 01, 2013","Monday, March 31, 2014",423,11,
"Rose Street - Rose Street Brewery","55-57 Rose Street","6.0m x 2.7m","Thursday, August 16, 2012","Thursday, August 15, 2013",355,11,
"Rose Street - Rose Street Take Away","106 Rose Street","2.5m x 1.0m","Thursday, July 19, 2012","Thursday, July 18, 2013",534,11,
"Rose Street - Shakeaway","134 Rose Street","2.5m x 2.0m","Friday, March 01, 2013","Friday, February 28, 2014",496,11,
"Rose Street - Social Bite","131 Rose Street","3.0m x 1.5,","Wednesday, August 22, 2012","Wednesday, August 21, 2013",539,11,
"Rose Street - The Abbotsford","3-5 Rose Street","7.0m x 3.5m","Monday, April 01, 2013","Monday, March 31, 2014",171,11,
"Rose Street - The Amber Rose","133 Rose Street","8.0mx 1.5m and 3.0m x 1.5m and 3.0m x 1.5m","Monday, April 01, 2013","Monday, March 31, 2014",298,11,
"Rose Street - The Auld Hundred","100/102 Rose Street","3.13m x 1.9m & 3.83m x 1.9m","Monday, April 01, 2013","Monday, March 31, 2014",11,11,
"Rose Street - The Black Rose Tavern","49 Rose Street","6.0m x 2.0m","Monday, April 01, 2013","Monday, March 31, 2014",401,11,
"Rose Street - The Kenilworth","152-154 Rose Street","9.5m x 2.1m","Monday, April 01, 2013","Monday, March 31, 2014",32,11,
"Rose Street - The Mussel Inn","61-65 Rose Street","6.7m x 4.0m","Monday, April 01, 2013","Monday, September 30, 2013",373,11,
"Rose Street - The Rose and Crown","170 Rose Street","4.0m x 2.7m & 4.0m x 2.7m","Monday, April 01, 2013","Monday, March 31, 2014",436,11,
"Rose Street - The Rosehip","43 Rose Street","5.0m x 3.0m and 5.0m x 3.0m -01 April - 31 July 2013
5.0m x 4.5m and 5.0m x 4.5m -August 2013
5.0m x 3.0m and 5.0m x 3.0m -September 2013
5.0m x 1.5m and 5.0m x1.5m -01 October 2013- 31 March 2014","Monday, April 01, 2013","Monday, March 31, 2014",160,11,
"Rose Street - Wildfire Steak & Seafood Bistro","192 Rose Street","6.0m x 3.0m","Monday, June 24, 2013","Monday, December 23, 2013",131,11,
"Roseburn Terrace - Roseburn Bar","1 Roseburn Terrace","10.0m x 1.8m","Monday, April 01, 2013","Monday, September 30, 2013",367,06,
"Royal Mile - Glenhas Deli","205 Royal Mile","2.0m x 1.7m and 2.2m x 0.5m","Monday, April 01, 2013","Monday, March 31, 2014",85,11,
"Rutland Place - Ghillie Dhu","2-6 Rutland Place",16.8m,"Monday, April 01, 2013","Monday, March 31, 2014",264,11,
"Sciennes Road - Annabelles","27 Sciennes Road","3.0m x 2.0m","Monday, April 01, 2013","Monday, September 30, 2013",388,15,
"Shore - Kings Wark","36 The Shore","3.2m x 2.4m and 4.8m x 2.4m","Thursday, April 18, 2013","Thursday, April 17, 2014",502,13,
"South Bridge - Aspen Bar & Grill","66-67 South Bridge","8.0m x 0.6m","Wednesday, June 19, 2013","Wednesday, June 18, 2014",241,11,
"South Bridge - Biblos","74 South Bridge","5.0m x 1.4m","Friday, June 14, 2013","Friday, December 13, 2013",186,11,
"South Bridge - The Bank Hotel","1 South Bridge","2.0m x 1.5m & 2.0m x 1.5m","Monday, April 01, 2013","Monday, March 31, 2014",185,11,
"South Charlotte Street - La Tasca","9 South Charlotte Street","2.0m x 1.2m","Monday, October 01, 2012","Monday, September 30, 2013",81,11,
"South Clerk Street - The Abbey","65 South Clerk Street","7.0m x 1.5m","Monday, April 01, 2013","Monday, September 30, 2013",348,15,
"Spottiswoode Road - Freemans","2-6 Spottiswoode Road","12.0m x 1.5m","Saturday, April 20, 2013","Saturday, October 19, 2013",505,10,
"St. Andrew Square - Amarone Restaurant & Bar","12-13 St Andrew Square","10.0m x 2.0m & 10.0m x 1.5m","Thursday, June 27, 2013","Thursday, June 26, 2014",375,11,
"St. Giles Street - Fraser Suites","12-26 St. Giles Street","25.3m x 1.1m","Monday, July 29, 2013","Monday, July 28, 2014",250,11,
"St. Giles Street - Fraser Suites","12-26 St. Giles Street","25.3m x 1.1m","Monday, July 30, 2012","Monday, July 29, 2013",250,11,
"Strathearn Road - Empire Caf","21D Strathearn Road",1.14mx1.15m,"Friday, June 07, 2013","Friday, December 06, 2013",35,10,
"The Promenade - Porto Caf","25/25a The Promenade","6.0m x 1.0m","Thursday, March 21, 2013","Friday, September 20, 2013",446,14,
"The Shore - Fishers Bistro","1 The Shore","6.0m x 1.0m and 3.0m x 2.0m","Monday, April 01, 2013","Monday, September 30, 2013",78,13,
"The Shore - Leith Beer Co","58 The Shore","9.0m x 6.0m","Monday, April 01, 2013","Monday, March 31, 2014",390,13,
"The Shore - Mimis Bakehouse","63 The Shore","4.5m x 2.0m","Monday, April 01, 2013","Monday, September 30, 2013",518,13,
"The Shore - Pizza Express","38 The Shore","7.2m x 2.09m and 3.6m x 2.09m","Thursday, July 26, 2012","Thursday, July 25, 2013",533,13,
"The Shore - The Granary","32-34 The Shore","10.0m x 0.8m","Monday, April 01, 2013","Monday, March 31, 2014",244,13,
"The Shore - The Ship On The Shore","24-26 Shore","11.0m x 1.0m","Monday, April 01, 2013","Monday, March 31, 2014",173,13,
"The Shore - The Shore Bar","3 The Shore","5.0m x 1.0m and 1.0m x 1.0m","Monday, April 01, 2013","Monday, September 30, 2013",412,13,
"Union Place - Giulianos Restaurant","18/19 Union Place","2.6m x 2.0m and 2.6m x 2.0m","Wednesday, May 08, 2013","Thursday, November 07, 2013",159,11,
"Waterloo Place - Apex Waterloo Place Hotel","23-27 Waterloo Place","9.0m x 2.2m & 14.0m x 1.5m","Monday, April 01, 2013","Monday, September 30, 2013",223,11,
"Waterloo Place - Howies","29 Waterloo Place","6.8m x 1.4m, 2.7m x 1.4m, 4.9m x 1.4m and 3.0m x 1.4m","Monday, April 01, 2013","Monday, September 30, 2013",344,11,
"Waterloo Place - Pep and Fodder","11 Waterloo Place","7.6m x 1.7m","Wednesday, December 05, 2012","Wednesday, December 04, 2013",542,11,
"Waterloo Place - The Waterloo Bar","5-7 Waterloo Place","3.0m x 1.0m & 1.0m x 1.0m","Thursday, April 11, 2013","Thursday, October 10, 2013",232,11,
"West Bow - Auld Jock Pie Shoppe","118 West Bow","3.5m x 1.5m","Monday, April 01, 2013","Monday, March 31, 2014",47,11,
"West Bow - Mussel & Steak Bar","110 West Bow","2.7m x 4.0m and 2.7m x 4.0m","Monday, April 01, 2013","Monday, September 30, 2013",216,11,
"West Crosscauseway - 56 North","2 West Crosscauseway",41.5m2,"Monday, April 01, 2013","Monday, September 30, 2013",361,15,
"West Nicolson Street - Scoops Ice Cream","25-27 West Nicolson Street","3.0m x 1.0m","Thursday, May 23, 2013","Friday, November 22, 2013",530,15,
"West Richmond Street - Bonsai","46 West Richmond Street","4.0m x 4.0m","Monday, April 01, 2013","Monday, September 30, 2013",411,15,
"West Richmond Street - Richmond Caf","52 West Richmond Street","2.4m x 2.5m and 2.4m x 3.0m","Wednesday, April 10, 2013","Wednesday, October 09, 2013",406,15,
"Whitehouse Road - Barnton Fine Foods","199 Whitehouse Road","2.5m x 1.5m","Sunday, October 07, 2012","Sunday, October 06, 2013",326,01,
"Wrights Houses - Golf Tavern","30 Wrights Houses","7.1m x 1.5m","Monday, April 01, 2013","Monday, March 31, 2014",347,10,
"Yeaman Place - Golden Rule","30 Yeaman Place","4.0m x 1.3m","Monday, April 01, 2013","Monday, September 30, 2013",460,09,
"Yeaman Place - Golden Rule","30 Yeaman Place","4.0m x 1.3m","Monday, April 01, 2013","Monday, September 30, 2013",460,09,
"York Place - Conan Doyle","71/73 York Place","3.0m x 2.0m & 4.0m x 2.0m","Monday, April 01, 2013","Monday, March 31, 2014",3,11,
